task_id,digit,mnist_idx,is_black,nr,kappa,E_min,E_min_minus,E_max
0,0,1,0,4,2.0,-8.401282724386423,-8.005074904389529,8.005074904389529
1,0,21,0,4,2.0,-8.0672465815063,-8.055136511848792,8.055136511848792
10,0,81,0,4,2.0,-9.008296748316871,-9.255197019635645,9.255197019635645
100,6,93,0,4,2.0,-9.017734739949,-9.603540948361276,9.603540948361276
101,6,106,0,4,2.0,-8.874146396398267,-10.128203338831952,10.128203338831952
102,6,126,0,4,2.0,-9.152396528163385,-9.849571977764068,9.849571977764068
103,6,129,0,4,2.0,-9.419758931642077,-9.738194271682493,9.738194271682493
104,6,147,0,4,2.0,-9.687976556311469,-10.509866059706484,10.509866059706484
105,7,15,0,4,2.0,-9.364371411327623,-9.787035881884458,9.787035881884458
106,7,29,0,4,2.0,-9.745266523222146,-10.340072310498748,10.340072310498748
107,7,38,0,4,2.0,-9.47785292346075,-10.204299570111438,10.204299570111438
108,7,42,0,4,2.0,-9.786211512845156,-10.375762630535743,10.375762630535743
109,7,52,0,4,2.0,-9.448955275584604,-9.823075945001216,9.823075945001216
11,0,88,0,4,2.0,-8.760709218356366,-8.236832717777704,8.236832717777704
110,7,71,0,4,2.0,-9.23567540002215,-9.652181414374121,9.652181414374121
111,7,79,0,4,2.0,-9.641559415617154,-9.999827192411441,9.999827192411441
112,7,84,0,4,2.0,-8.995637829733033,-9.475604469809092,9.475604469809092
113,7,91,0,4,2.0,-8.807263750736643,-9.345249162150996,9.345249162150996
114,7,96,0,4,2.0,-8.96113710104608,-9.589607597934492,9.589607597934492
115,7,101,0,4,2.0,-8.247740274889638,-8.76179467567106,8.76179467567106
116,7,103,0,4,2.0,-9.036705694298332,-9.306929255647317,9.306929255647317
117,7,123,0,4,2.0,-8.720196541218666,-9.080949665654913,9.080949665654913
118,7,140,0,4,2.0,-9.490923916579705,-10.347615446329883,10.347615446329883
119,7,141,0,4,2.0,-9.631219127237461,-9.968396378345663,9.968396378345663
12,0,95,0,4,2.0,-8.59618867673855,-8.826797993147856,8.826797993147856
120,8,17,0,4,2.0,-8.954043816228966,-9.120268326117037,9.120268326117037
121,8,31,0,4,2.0,-8.208554805085344,-8.607664773107546,8.607664773107546
122,8,41,0,4,2.0,-9.19806789076216,-9.589236334340189,9.589236334340189
123,8,46,0,4,2.0,-9.796772979145144,-10.455480160098107,10.455480160098107
124,8,55,0,4,2.0,-9.212915510492493,-9.415283295055962,9.415283295055962
125,8,85,0,4,2.0,-8.960365672740348,-9.209229179374777,9.209229179374777
126,8,94,0,4,2.0,-10.038376190208899,-10.583500650553225,10.583500650553225
127,8,97,0,4,2.0,-9.237825051613523,-9.626316305826766,9.626316305826766
128,8,125,0,4,2.0,-9.417380757478687,-9.717390221313746,9.717390221313746
129,8,137,0,4,2.0,-8.8443159346814,-9.001425452873594,9.001425452873594
13,0,108,0,4,2.0,-8.649362567409074,-7.534571652813427,7.534571652813427
130,8,144,0,4,2.0,-8.987774009592613,-9.806067994561365,9.806067994561365
131,8,146,0,4,2.0,-8.302582328140401,-8.380956501137362,8.380956501137362
132,8,160,0,4,2.0,-9.489615871266146,-10.5592731955553,10.5592731955553
133,8,188,0,4,2.0,-8.974368636406295,-9.84936244847912,9.84936244847912
134,8,197,0,4,2.0,-8.449276889835705,-8.648353964331767,8.648353964331767
135,9,4,0,4,2.0,-10.308689740929008,-10.736615178763335,10.736615178763335
136,9,19,0,4,2.0,-9.992785741472273,-10.32058521392085,10.32058521392085
137,9,22,0,4,2.0,-9.165107842615104,-9.345272403080852,9.345272403080852
138,9,33,0,4,2.0,-9.369338063268163,-9.819640663241609,9.819640663241609
139,9,43,0,4,2.0,-9.227130391007867,-9.615102974603122,9.615102974603122
14,0,114,0,4,2.0,-8.340127566404915,-8.561766182243515,8.561766182243515
140,9,45,0,4,2.0,-9.766414026165284,-10.35300157562439,10.35300157562439
141,9,48,0,4,2.0,-9.376524755040109,-10.050023992655985,10.050023992655985
142,9,54,0,4,2.0,-8.772106060200445,-9.543520230849131,9.543520230849131
143,9,57,0,4,2.0,-10.41460150162717,-10.793723017200206,10.793723017200206
144,9,80,0,4,2.0,-8.616583278538153,-9.301545860894912,9.301545860894912
145,9,87,0,4,2.0,-10.257763673674571,-10.634402775787589,10.634402775787589
146,9,110,0,4,2.0,-10.028849814760186,-10.574551370955316,10.574551370955316
147,9,116,0,4,2.0,-10.081202427874214,-10.81044324807669,10.81044324807669
148,9,133,0,4,2.0,-9.314799558261235,-9.92132140837384,9.92132140837384
149,9,153,0,4,2.0,-10.556869537111607,-10.932778847127718,10.932778847127718
15,1,3,0,4,2.0,-9.62007798682162,-10.39861230450489,10.39861230450489
150,-1,-1,1,4,2.0,-12.0,-13.503178576287869,13.503178576287869
16,1,6,0,4,2.0,-8.617247882909416,-9.175003026031902,9.175003026031902
17,1,8,0,4,2.0,-9.45015391424359,-9.950714556524613,9.950714556524613
18,1,14,0,4,2.0,-10.158977686386324,-10.899284876268968,10.899284876268968
19,1,23,0,4,2.0,-9.712790265140207,-10.358139388440115,10.358139388440115
2,0,34,0,4,2.0,-8.248736885640078,-8.739230495450485,8.739230495450485
20,1,24,0,4,2.0,-9.330628780286325,-9.740389509996264,9.740389509996264
21,1,40,0,4,2.0,-8.79395845710338,-9.598549421862872,9.598549421862872
22,1,59,0,4,2.0,-9.105019527919541,-9.683505614778133,9.683505614778133
23,1,67,0,4,2.0,-9.133012580064594,-9.65633240806374,9.65633240806374
24,1,70,0,4,2.0,-8.699366674275316,-9.180469717098756,9.180469717098756
25,1,72,0,4,2.0,-9.405521749010022,-10.359552322385344,10.359552322385344
26,1,77,0,4,2.0,-8.954440120705426,-9.804149718289544,9.804149718289544
27,1,78,0,4,2.0,-9.684568963857174,-10.260746554894924,10.260746554894924
28,1,99,0,4,2.0,-9.945588273696242,-10.550309387683422,10.550309387683422
29,1,102,0,4,2.0,-9.885892689067376,-10.905849187865925,10.905849187865925
3,0,37,0,4,2.0,-8.098261017930467,-8.147220910902615,8.147220910902615
30,2,5,0,4,2.0,-9.133566291609792,-9.869953525839236,9.869953525839236
31,2,16,0,4,2.0,-8.032816964237657,-8.761369317173394,8.761369317173394
32,2,25,0,4,2.0,-8.292921627513856,-8.305591411270152,8.305591411270152
33,2,28,0,4,2.0,-8.592764421961633,-8.809140091129583,8.809140091129583
34,2,76,0,4,2.0,-8.534529396826152,-8.780130583857664,8.780130583857664
35,2,82,0,4,2.0,-8.335275880657221,-9.111425099978115,9.111425099978115
36,2,109,0,4,2.0,-9.729449930681737,-10.3277188084334,10.3277188084334
37,2,117,0,4,2.0,-8.120121834474402,-8.819788385140376,8.819788385140376
38,2,120,0,4,2.0,-8.44000579260919,-8.425331744667767,8.425331744667767
39,2,122,0,4,2.0,-9.988771126601879,-10.588313158425263,10.588313158425263
4,0,51,0,4,2.0,-8.166920773640811,-8.237353280877434,8.237353280877434
40,2,143,0,4,2.0,-10.09683871267905,-10.88988355441271,10.88988355441271
41,2,159,0,4,2.0,-8.530729734479737,-9.246526444333094,9.246526444333094
42,2,161,0,4,2.0,-8.044893500139034,-8.06597618597307,8.06597618597307
43,2,171,0,4,2.0,-8.232869098201776,-8.924590579337645,8.924590579337645
44,2,178,0,4,2.0,-7.940740546385005,-8.224631424598957,8.224631424598957
45,3,7,0,4,2.0,-8.305828002740089,-8.82244446989608,8.82244446989608
46,3,10,0,4,2.0,-9.08493602309965,-9.868518707391297,9.868518707391297
47,3,12,0,4,2.0,-8.396781471071343,-8.67481403539443,8.67481403539443
48,3,27,0,4,2.0,-8.179423233815607,-8.743668051913252,8.743668051913252
49,3,30,0,4,2.0,-8.669889349554136,-9.06338668921334,9.06338668921334
5,0,56,0,4,2.0,-8.498510955783898,-8.277547704326514,8.277547704326514
50,3,44,0,4,2.0,-8.908238494279566,-9.544345493345674,9.544345493345674
51,3,49,0,4,2.0,-8.226073605352262,-8.4542086857396,8.4542086857396
52,3,50,0,4,2.0,-9.049531935860552,-9.328251763135134,9.328251763135134
53,3,74,0,4,2.0,-9.00768844591321,-9.693238894882903,9.693238894882903
54,3,86,0,4,2.0,-9.124233990413867,-10.094214361523944,10.094214361523944
55,3,98,0,4,2.0,-9.181411054794975,-9.716651607093592,9.716651607093592
56,3,107,0,4,2.0,-7.902247139531043,-9.185618574736962,9.185618574736962
57,3,111,0,4,2.0,-8.1367465135955,-8.544569139022972,8.544569139022972
58,3,130,0,4,2.0,-9.296627711511599,-10.053598646136965,10.053598646136965
59,3,135,0,4,2.0,-8.416302094304994,-9.006547997095234,9.006547997095234
6,0,63,0,4,2.0,-8.20357194509049,-8.642400661498474,8.642400661498474
60,4,2,0,4,2.0,-8.634728728487648,-8.375489929197386,8.375489929197386
61,4,9,0,4,2.0,-9.536488024322116,-10.211807778464141,10.211807778464141
62,4,20,0,4,2.0,-9.323726333556031,-9.836695056684585,9.836695056684585
63,4,26,0,4,2.0,-9.580976369682023,-10.364819110692261,10.364819110692261
64,4,53,0,4,2.0,-10.479995165044112,-10.854949939420248,10.854949939420248
65,4,58,0,4,2.0,-9.261803577319803,-9.630533055808513,9.630533055808513
66,4,60,0,4,2.0,-9.132591067742753,-9.594347026879134,9.594347026879134
67,4,61,0,4,2.0,-9.668748004242772,-9.88880687598053,9.88880687598053
68,4,64,0,4,2.0,-8.320197245179155,-9.0127693415586,9.0127693415586
69,4,89,0,4,2.0,-9.25796724093403,-9.236526074507283,9.236526074507283
7,0,68,0,4,2.0,-10.340028331532933,-9.995619852421235,9.995619852421235
70,4,92,0,4,2.0,-9.982989799866338,-10.605565431751867,10.605565431751867
71,4,115,0,4,2.0,-10.753182526687414,-11.48700245446376,11.48700245446376
72,4,127,0,4,2.0,-8.426456963911164,-9.287215699273514,9.287215699273514
73,4,131,0,4,2.0,-10.33511658697426,-10.792230410752387,10.792230410752387
74,4,139,0,4,2.0,-10.080038107941506,-10.70808237193133,10.70808237193133
75,5,0,0,4,2.0,-8.525072957857521,-8.915832712087251,8.915832712087251
76,5,11,0,4,2.0,-8.98939122735093,-9.787966618092032,9.787966618092032
77,5,35,0,4,2.0,-8.82972880740841,-9.110335283456596,9.110335283456596
78,5,47,0,4,2.0,-8.501285690007775,-8.868693853644604,8.868693853644604
79,5,65,0,4,2.0,-8.768089757501977,-9.189479709105742,9.189479709105742
8,0,69,0,4,2.0,-9.44611576285546,-10.069776849154817,10.069776849154817
80,5,100,0,4,2.0,-10.566251999279002,-11.030617176288265,11.030617176288265
81,5,132,0,4,2.0,-9.065019169876553,-9.727936975951266,9.727936975951266
82,5,138,0,4,2.0,-8.50914937085914,-8.675982134157627,8.675982134157627
83,5,145,0,4,2.0,-8.694267826443753,-8.670774739272229,8.670774739272229
84,5,173,0,4,2.0,-8.722089665114366,-8.946026402851832,8.946026402851832
85,5,175,0,4,2.0,-8.40612644865331,-8.948491280697022,8.948491280697022
86,5,182,0,4,2.0,-8.610821151547777,-9.01492773293189,9.01492773293189
87,5,191,0,4,2.0,-8.923570819752237,-9.09416745696919,9.09416745696919
88,5,219,0,4,2.0,-9.051925525604478,-9.534050547404897,9.534050547404897
89,5,236,0,4,2.0,-9.687116393910898,-10.085970851209002,10.085970851209002
9,0,75,0,4,2.0,-8.58494379322891,-9.254438526947427,9.254438526947427
90,6,13,0,4,2.0,-9.383216378241762,-9.844835716920219,9.844835716920219
91,6,18,0,4,2.0,-9.491981162874064,-10.152950267505249,10.152950267505249
92,6,32,0,4,2.0,-8.820918024475672,-9.685641976147567,9.685641976147567
93,6,36,0,4,2.0,-8.869993702090373,-9.574425303885425,9.574425303885425
94,6,39,0,4,2.0,-9.304325235701043,-10.118584507727494,10.118584507727494
95,6,62,0,4,2.0,-9.216272967493724,-9.777734104351797,9.777734104351797
96,6,66,0,4,2.0,-9.81882226684354,-10.235566261600496,10.235566261600496
97,6,73,0,4,2.0,-9.227231052227918,-9.760997562393454,9.760997562393454
98,6,83,0,4,2.0,-8.910899724864665,-9.449013652652567,9.449013652652567
99,6,90,0,4,2.0,-9.238829113670397,-9.89875503309027,9.89875503309027
0,0,1,0,5,2.0,-14.745994912174051,-15.828406458157168,15.828406458157168
1,0,21,0,5,2.0,-14.391481397308704,-15.885381550164519,15.885381550164519
10,0,81,0,5,2.0,-15.008495471012598,-16.348115386850544,16.348115386850544
100,6,93,0,5,2.0,-13.950739966560285,-15.351814615094767,15.351814615094767
101,6,106,0,5,2.0,-13.987077546271461,-15.420447725936585,15.420447725936585
102,6,126,0,5,2.0,-14.008596596511655,-15.627225610794044,15.627225610794044
103,6,129,0,5,2.0,-13.96768207153795,-15.292640126032572,15.292640126032572
104,6,147,0,5,2.0,-14.30453457228652,-16.211329821047954,16.211329821047954
105,7,15,0,5,2.0,-16.0816340299371,-17.13976561781882,17.13976561781882
106,7,29,0,5,2.0,-16.525998636967405,-17.329182814266858,17.329182814266858
107,7,38,0,5,2.0,-14.299790510165124,-15.654143562041673,15.654143562041673
108,7,42,0,5,2.0,-15.8660109745253,-17.888248366341923,17.888248366341923
109,7,52,0,5,2.0,-15.523376909468473,-16.98569529203626,16.98569529203626
11,0,88,0,5,2.0,-15.355253217836372,-16.25716154087594,16.25716154087594
110,7,71,0,5,2.0,-16.60495195645809,-17.65052033950225,17.65052033950225
111,7,79,0,5,2.0,-15.664296468071282,-16.74325797093378,16.74325797093378
112,7,84,0,5,2.0,-15.596001706212277,-18.482728402894523,18.482728402894523
113,7,91,0,5,2.0,-16.04890642012606,-16.841639394958555,16.841639394958555
114,7,96,0,5,2.0,-16.759950927797334,-18.101661249531148,18.101661249531148
115,7,101,0,5,2.0,-15.263992641767132,-16.60756131736849,16.60756131736849
116,7,103,0,5,2.0,-15.516260802325576,-16.67541907571101,16.67541907571101
117,7,123,0,5,2.0,-16.168253425299483,-17.239500498950576,17.239500498950576
118,7,140,0,5,2.0,-14.74267284007982,-15.810394176592718,15.810394176592718
119,7,141,0,5,2.0,-15.962394144269993,-16.399714108916193,16.399714108916193
12,0,95,0,5,2.0,-14.525888973023,-15.80252851468117,15.80252851468117
120,8,17,0,5,2.0,-15.756780825852594,-16.908057453635788,16.908057453635788
121,8,31,0,5,2.0,-15.46260956986846,-16.27711175413256,16.27711175413256
122,8,41,0,5,2.0,-14.998195964480061,-16.512542317470164,16.512542317470164
123,8,46,0,5,2.0,-13.469190007864228,-15.149881992480086,15.149881992480086
124,8,55,0,5,2.0,-14.269693780908273,-15.464439538674169,15.464439538674169
125,8,85,0,5,2.0,-15.281845472056931,-17.010336658098566,17.010336658098566
126,8,94,0,5,2.0,-14.074851150663159,-16.295156487707523,16.295156487707523
127,8,97,0,5,2.0,-14.656998184095974,-16.117573842844614,16.117573842844614
128,8,125,0,5,2.0,-14.768407838142874,-16.265983669171725,16.265983669171725
129,8,137,0,5,2.0,-16.796540138802182,-18.522586712734718,18.522586712734718
13,0,108,0,5,2.0,-15.598664675408708,-15.889809288785262,15.889809288785262
130,8,144,0,5,2.0,-14.255881504260163,-15.342689221353567,15.342689221353567
131,8,146,0,5,2.0,-13.864386549347534,-15.642459707239,15.642459707239
134,8,197,0,5,2.0,-15.283096086782887,-16.387466725201026,16.387466725201026
135,9,4,0,5,2.0,-15.054376953986944,-16.004230609079066,16.004230609079066
136,9,19,0,5,2.0,-15.87666114250712,-16.935412389175518,16.935412389175518
137,9,22,0,5,2.0,-16.188050030946744,-17.280006442313766,17.280006442313766
138,9,33,0,5,2.0,-17.389059270403077,-18.080115010613284,18.080115010613284
139,9,43,0,5,2.0,-15.712937921389361,-17.320403855751017,17.320403855751017
14,0,114,0,5,2.0,-13.876299364040717,-14.48788974570983,14.48788974570983
140,9,45,0,5,2.0,-15.627960579704945,-16.920974725319436,16.920974725319436
141,9,48,0,5,2.0,-15.033772644788867,-16.287202066256015,16.287202066256015
142,9,54,0,5,2.0,-16.25439186228397,-17.493629405668848,17.493629405668848
143,9,57,0,5,2.0,-15.280176079667541,-16.33038981265859,16.33038981265859
144,9,80,0,5,2.0,-14.356778605080997,-15.574600117467662,15.574600117467662
145,9,87,0,5,2.0,-15.693124869757026,-17.25999927362201,17.25999927362201
146,9,110,0,5,2.0,-15.719759545422503,-16.886529754958666,16.886529754958666
147,9,116,0,5,2.0,-14.139301789575692,-15.675509312658177,15.675509312658177
148,9,133,0,5,2.0,-16.141856864445632,-17.274240193249057,17.274240193249057
149,9,153,0,5,2.0,-15.19711798005849,-16.202612849628796,16.202612849628796
15,1,3,0,5,2.0,-16.80003083207456,-17.918607710794458,17.918607710794458
150,-1,-1,1,5,2.0,-20.0,-22.266745436569572,22.266745436569572
16,1,6,0,5,2.0,-18.291475237482576,-20.229752602903538,20.229752602903538
17,1,8,0,5,2.0,-19.581144197333675,-21.31444529000848,21.31444529000848
18,1,14,0,5,2.0,-19.816768007820027,-21.551223959012443,21.551223959012443
19,1,23,0,5,2.0,-16.743949578489456,-17.92270849423593,17.92270849423593
2,0,34,0,5,2.0,-15.034601876773024,-16.289943732673247,16.289943732673247
20,1,24,0,5,2.0,-14.315805974154308,-15.828897168567805,15.828897168567805
21,1,40,0,5,2.0,-18.821376565752846,-20.59295254080602,20.59295254080602
22,1,59,0,5,2.0,-16.078558522096102,-17.442991044121488,17.442991044121488
23,1,67,0,5,2.0,-16.888845765337784,-18.38421191579265,18.38421191579265
24,1,70,0,5,2.0,-15.58823349030342,-17.09865506295985,17.09865506295985
25,1,72,0,5,2.0,-20.13213573776064,-21.85113210147957,21.85113210147957
26,1,77,0,5,2.0,-16.72858862506519,-17.956204533159568,17.956204533159568
27,1,78,0,5,2.0,-16.132162024343415,-17.58127271323474,17.58127271323474
28,1,99,0,5,2.0,-16.765696711755258,-18.30281785152395,18.30281785152395
29,1,102,0,5,2.0,-20.520640016154093,-22.21862850203012,22.21862850203012
3,0,37,0,5,2.0,-15.877895302500256,-17.101636188091057,17.101636188091057
30,2,5,0,5,2.0,-15.549560562490917,-16.873190036778702,16.873190036778702
31,2,16,0,5,2.0,-13.57588644687861,-15.018732882318774,15.018732882318774
32,2,25,0,5,2.0,-13.746285730725502,-15.105711824656156,15.105711824656156
33,2,28,0,5,2.0,-15.537249361398874,-17.003189161031333,17.003189161031333
34,2,76,0,5,2.0,-13.015076888375505,-14.253229515256088,14.253229515256088
35,2,82,0,5,2.0,-14.774223984393437,-16.456892259041226,16.456892259041226
36,2,109,0,5,2.0,-14.921953150870422,-16.573639159378263,16.573639159378263
37,2,117,0,5,2.0,-14.802620608823354,-16.68087940522175,16.68087940522175
38,2,120,0,5,2.0,-15.803287820611509,-16.913029563107433,16.913029563107433
39,2,122,0,5,2.0,-15.303448867640626,-16.206337335574908,16.206337335574908
4,0,51,0,5,2.0,-14.994502952159351,-16.006744782154293,16.006744782154293
40,2,143,0,5,2.0,-14.921617485191957,-16.134977396108603,16.134977396108603
41,2,159,0,5,2.0,-16.06984364191544,-17.07686350470245,17.07686350470245
42,2,161,0,5,2.0,-14.299355098262804,-15.761532775382104,15.761532775382104
43,2,171,0,5,2.0,-15.721081054227094,-17.31600569407236,17.31600569407236
44,2,178,0,5,2.0,-14.620881667813075,-15.215815709600358,15.215815709600358
45,3,7,0,5,2.0,-14.139602291600458,-15.889420556776033,15.889420556776033
46,3,10,0,5,2.0,-14.621045114486746,-16.136770072897253,16.136770072897253
47,3,12,0,5,2.0,-13.293091683626136,-15.184829325340754,15.184829325340754
48,3,27,0,5,2.0,-15.084689881639681,-16.41329763829185,16.41329763829185
49,3,30,0,5,2.0,-14.791948532628323,-15.829665495317494,15.829665495317494
5,0,56,0,5,2.0,-14.969912577814563,-16.277119948852583,16.277119948852583
50,3,44,0,5,2.0,-16.13655929825507,-17.37633217657625,17.37633217657625
51,3,49,0,5,2.0,-14.702131662098084,-16.635797217700315,16.635797217700315
52,3,50,0,5,2.0,-14.10040794521588,-15.511485673552121,15.511485673552121
53,3,74,0,5,2.0,-14.063025941649935,-15.85552426632502,15.85552426632502
54,3,86,0,5,2.0,-16.461216695268472,-17.323945570211084,17.323945570211084
55,3,98,0,5,2.0,-13.773336585352878,-15.218703015324389,15.218703015324389
56,3,107,0,5,2.0,-13.957752665233759,-15.928491871572819,15.928491871572819
57,3,111,0,5,2.0,-14.895159795969814,-16.2830860594417,16.2830860594417
58,3,130,0,5,2.0,-14.030981731953919,-15.98947485321798,15.98947485321798
59,3,135,0,5,2.0,-12.716062215510583,-15.150088084271479,15.150088084271479
6,0,63,0,5,2.0,-14.988280832511041,-16.4420462216155,16.4420462216155
60,4,2,0,5,2.0,-14.688690689508299,-15.452003110159803,15.452003110159803
61,4,9,0,5,2.0,-14.614145321137048,-15.424487857420074,15.424487857420074
62,4,20,0,5,2.0,-15.301304413989302,-17.160346436993493,17.160346436993493
63,4,26,0,5,2.0,-16.186567621396843,-17.046935592135522,17.046935592135522
64,4,53,0,5,2.0,-14.857989442866828,-16.288826311393837,16.288826311393837
65,4,58,0,5,2.0,-15.069502122883994,-15.959963082128617,15.959963082128617
66,4,60,0,5,2.0,-14.239315672076717,-14.77113807507642,14.77113807507642
67,4,61,0,5,2.0,-16.05957058246579,-17.031945400916122,17.031945400916122
68,4,64,0,5,2.0,-14.383555132812416,-15.700795217627068,15.700795217627068
69,4,89,0,5,2.0,-14.32566409609565,-16.092442870530274,16.092442870530274
7,0,68,0,5,2.0,-14.52698011540996,-14.571024804234023,14.571024804234023
70,4,92,0,5,2.0,-14.874525371202852,-16.05878623106215,16.05878623106215
71,4,115,0,5,2.0,-15.840175911339571,-17.191712746976712,17.191712746976712
72,4,127,0,5,2.0,-14.972528066967618,-16.1717765863789,16.1717765863789
73,4,131,0,5,2.0,-14.412821280352361,-15.974506469841726,15.974506469841726
74,4,139,0,5,2.0,-14.54685649672638,-16.025646558506608,16.025646558506608
75,5,0,0,5,2.0,-13.682561211218502,-14.241445905585627,14.241445905585627
76,5,11,0,5,2.0,-18.3864298058127,-19.360147037831155,19.360147037831155
77,5,35,0,5,2.0,-15.420355052787995,-16.605283681131294,16.605283681131294
78,5,47,0,5,2.0,-15.295237437012185,-16.19483425156433,16.19483425156433
79,5,65,0,5,2.0,-16.16433102914763,-17.22082804277556,17.22082804277556
8,0,69,0,5,2.0,-14.85001408818282,-15.932850475688715,15.932850475688715
80,5,100,0,5,2.0,-15.368497247483313,-16.448169544353846,16.448169544353846
81,5,132,0,5,2.0,-16.590146474797212,-18.67710243145828,18.67710243145828
82,5,138,0,5,2.0,-14.931898476912417,-16.65819866383906,16.65819866383906
83,5,145,0,5,2.0,-16.74778369386323,-17.751591373654847,17.751591373654847
84,5,173,0,5,2.0,-15.904273861398023,-16.924001982508265,16.924001982508265
85,5,175,0,5,2.0,-15.267845695071763,-16.277728694221867,16.277728694221867
86,5,182,0,5,2.0,-13.870081605241438,-14.905216046796651,14.905216046796651
87,5,191,0,5,2.0,-16.676525875962287,-17.545479216427417,17.545479216427417
88,5,219,0,5,2.0,-13.215327880346994,-14.596841742280759,14.596841742280759
89,5,236,0,5,2.0,-15.181700725485205,-16.845150926818306,16.845150926818306
9,0,75,0,5,2.0,-16.06347302134264,-17.418732369501388,17.418732369501388
90,6,13,0,5,2.0,-14.898112510933696,-16.55161937371431,16.55161937371431
91,6,18,0,5,2.0,-14.369451118406252,-16.132900033685562,16.132900033685562
92,6,32,0,5,2.0,-15.115616686584238,-16.3139974357934,16.3139974357934
93,6,36,0,5,2.0,-15.877047551174607,-17.55258116049915,17.55258116049915
94,6,39,0,5,2.0,-15.119184127686541,-15.933122768286289,15.933122768286289
95,6,62,0,5,2.0,-14.006543298674295,-15.164982350724005,15.164982350724005
96,6,66,0,5,2.0,-14.812233748338079,-16.315317344120775,16.315317344120775
97,6,73,0,5,2.0,-13.68194579349088,-15.047940707520754,15.047940707520754
98,6,83,0,5,2.0,-14.27538135404695,-15.6605257167928,15.6605257167928
99,6,90,0,5,2.0,-14.442309638729775,-15.4765361925438,15.4765361925438
0,0,1,0,6,2.0,-23.40954545008908,-23.401794789824887,23.401794789824887
1,0,21,0,6,2.0,-24.803753970344097,-26.14216293355123,26.14216293355123
100,6,93,0,6,2.0,-22.53434378194493,-25.061938439863706,25.061938439863706
101,6,106,0,6,2.0,-22.111331229457242,-24.15639931666034,24.15639931666034
102,6,126,0,6,2.0,-22.991635900152815,-24.905301799211788,24.905301799211788
103,6,129,0,6,2.0,-24.521073229540757,-26.97518716126704,26.97518716126704
104,6,147,0,6,2.0,-23.073624864772732,-25.49441223384464,25.49441223384464
105,7,15,0,6,2.0,-23.99870711190322,-25.60270147088436,25.60270147088436
106,7,29,0,6,2.0,-25.94146835874481,-27.976734204590148,27.976734204590148
107,7,38,0,6,2.0,-22.061103243256085,-23.77986871956716,23.77986871956716
108,7,42,0,6,2.0,-24.040696378694115,-26.09867793146959,26.09867793146959
109,7,52,0,6,2.0,-24.359997778765813,-25.823298703161186,25.823298703161186
11,0,88,0,6,2.0,-24.164081210753505,-25.621787044776575,25.621787044776575
110,7,71,0,6,2.0,-23.26189957665574,-25.678250190034912,25.678250190034912
111,7,79,0,6,2.0,-23.121097830536307,-24.324805778945606,24.324805778945606
112,7,84,0,6,2.0,-22.483457889655,-26.09060018277502,26.09060018277502
113,7,91,0,6,2.0,-22.76344191800808,-24.661843880678997,24.661843880678997
114,7,96,0,6,2.0,-22.963473614712832,-25.232664930700892,25.232664930700892
115,7,101,0,6,2.0,-23.21119978768404,-25.67295460782634,25.67295460782634
116,7,103,0,6,2.0,-24.33641518894317,-25.883673078580703,25.883673078580703
117,7,123,0,6,2.0,-23.212086053012836,-25.422347692200134,25.422347692200134
118,7,140,0,6,2.0,-27.6824088385126,-29.76502681604683,29.76502681604683
119,7,141,0,6,2.0,-24.340845799434486,-25.76366124942931,25.76366124942931
12,0,95,0,6,2.0,-21.346706034211447,-22.607856962338662,22.607856962338662
120,8,17,0,6,2.0,-22.067542510634343,-23.831658252713257,23.831658252713257
121,8,31,0,6,2.0,-22.560229353309676,-24.548999259598034,24.548999259598034
122,8,41,0,6,2.0,-23.8394090960273,-25.88637355978139,25.88637355978139
123,8,46,0,6,2.0,-22.177900512222188,-25.151166792472196,25.151166792472196
124,8,55,0,6,2.0,-22.734437877553756,-25.08293856046052,25.08293856046052
125,8,85,0,6,2.0,-23.43009306794506,-25.059962040540587,25.059962040540587
126,8,94,0,6,2.0,-22.146680910819573,-24.155400101247054,24.155400101247054
127,8,97,0,6,2.0,-24.481824555414953,-26.418846073607476,26.418846073607476
128,8,125,0,6,2.0,-24.878651813929377,-26.833480315566284,26.833480315566284
129,8,137,0,6,2.0,-23.17954373224944,-25.53217040998712,25.53217040998712
13,0,108,0,6,2.0,-25.21896296307695,-26.430630147741162,26.430630147741162
130,8,144,0,6,2.0,-22.453053202633747,-24.646619666411297,24.646619666411297
131,8,146,0,6,2.0,-23.18788964135305,-24.585078919749638,24.585078919749638
132,8,160,0,6,2.0,-23.835699675351464,-26.251531487681753,26.251531487681753
133,8,188,0,6,2.0,-21.586973510804718,-24.057372927494605,24.057372927494605
134,8,197,0,6,2.0,-21.55846516277125,-23.086579667075487,23.086579667075487
135,9,4,0,6,2.0,-22.42749024651238,-24.69949101565046,24.69949101565046
136,9,19,0,6,2.0,-23.712905770483108,-25.937698144744274,25.937698144744274
137,9,22,0,6,2.0,-24.304723498467514,-26.665118163206365,26.665118163206365
138,9,33,0,6,2.0,-24.041254985077636,-25.392312732718086,25.392312732718086
139,9,43,0,6,2.0,-24.990612901742647,-27.14077632442833,27.14077632442833
14,0,114,0,6,2.0,-23.317812466333848,-24.387837051709678,24.387837051709678
141,9,48,0,6,2.0,-25.917431616453257,-28.062013512267484,28.062013512267484
142,9,54,0,6,2.0,-22.096675741892426,-24.045963954741463,24.045963954741463
143,9,57,0,6,2.0,-22.881364340616,-25.283288931465332,25.283288931465332
144,9,80,0,6,2.0,-23.264082817918016,-25.064244770556975,25.064244770556975
145,9,87,0,6,2.0,-21.161400172823033,-23.737013651534856,23.737013651534856
146,9,110,0,6,2.0,-21.770817310676854,-23.950422866517478,23.950422866517478
147,9,116,0,6,2.0,-21.24704617579141,-23.801163275623637,23.801163275623637
148,9,133,0,6,2.0,-24.305579979332308,-25.845529480748926,25.845529480748926
149,9,153,0,6,2.0,-23.464857611053883,-25.721095505294617,25.721095505294617
15,1,3,0,6,2.0,-26.231760537283847,-28.120873408401895,28.120873408401895
150,-1,-1,1,6,2.0,-30.0,-33.21486510777956,33.21486510777956
16,1,6,0,6,2.0,-26.918626696352337,-29.23684439312903,29.23684439312903
17,1,8,0,6,2.0,-26.67308862672394,-29.069216694718374,29.069216694718374
18,1,14,0,6,2.0,-28.340856374753084,-30.39187347125932,30.39187347125932
19,1,23,0,6,2.0,-26.469890871443898,-28.260120566449068,28.260120566449068
2,0,34,0,6,2.0,-23.520240942272554,-25.74074788785471,25.74074788785471
20,1,24,0,6,2.0,-23.851169490004356,-25.986917895779648,25.986917895779648
21,1,40,0,6,2.0,-27.585622149478834,-29.916942256346115,29.916942256346115
22,1,59,0,6,2.0,-26.836071059778977,-28.931825489233837,28.931825489233837
23,1,67,0,6,2.0,-25.360040741812114,-27.62461643499099,27.62461643499099
24,1,70,0,6,2.0,-25.23805438898268,-27.731641124170977,27.731641124170977
25,1,72,0,6,2.0,-26.64596895300015,-28.792756539750886,28.792756539750886
26,1,77,0,6,2.0,-26.47958182147496,-29.018011158555417,29.018011158555417
27,1,78,0,6,2.0,-27.402781656061034,-29.63348832598562,29.63348832598562
28,1,99,0,6,2.0,-27.709497975050457,-29.916630677183566,29.916630677183566
29,1,102,0,6,2.0,-29.80854408228086,-31.89008123862485,31.89008123862485
3,0,37,0,6,2.0,-21.76179797859938,-23.867781608280115,23.867781608280115
31,2,16,0,6,2.0,-23.050975858692485,-24.408750193074933,24.408750193074933
32,2,25,0,6,2.0,-21.948304002838817,-23.0855150258813,23.0855150258813
33,2,28,0,6,2.0,-21.40916920493901,-25.618629933732212,25.618629933732212
34,2,76,0,6,2.0,-26.007218409103025,-27.53331959844832,27.53331959844832
35,2,82,0,6,2.0,-22.39995407692146,-24.161389932997075,24.161389932997075
36,2,109,0,6,2.0,-22.720677944145457,-24.851990964315473,24.851990964315473
37,2,117,0,6,2.0,-21.621608639636143,-23.374149407587765,23.374149407587765
38,2,120,0,6,2.0,-22.27384434812087,-24.228383118634877,24.228383118634877
39,2,122,0,6,2.0,-25.55436173053489,-27.258113591356647,27.258113591356647
4,0,51,0,6,2.0,-22.99245533785867,-24.130433413906935,24.130433413906935
40,2,143,0,6,2.0,-20.455486102039984,-22.718440497203673,22.718440497203673
41,2,159,0,6,2.0,-20.708951754166367,-23.910747527650088,23.910747527650088
42,2,161,0,6,2.0,-23.64736252415899,-25.17324178555535,25.17324178555535
44,2,178,0,6,2.0,-24.378489276993196,-25.91575704952979,25.91575704952979
45,3,7,0,6,2.0,-22.637250260969285,-24.78009201154372,24.78009201154372
46,3,10,0,6,2.0,-24.478007924437822,-25.8231217409801,25.8231217409801
47,3,12,0,6,2.0,-23.417322966931046,-25.911184885555905,25.911184885555905
49,3,30,0,6,2.0,-23.32217793945306,-25.707144625463805,25.707144625463805
5,0,56,0,6,2.0,-22.005065801974432,-22.776441806638243,22.776441806638243
50,3,44,0,6,2.0,-23.645469389967207,-26.111707860354528,26.111707860354528
51,3,49,0,6,2.0,-23.401676480211396,-25.18004329670472,25.18004329670472
52,3,50,0,6,2.0,-22.5490647634894,-25.101251508108717,25.101251508108717
53,3,74,0,6,2.0,-23.880202806757648,-26.19250267519644,26.19250267519644
54,3,86,0,6,2.0,-25.4509329534269,-27.346340588625278,27.346340588625278
55,3,98,0,6,2.0,-23.79071740394062,-26.396725503467028,26.396725503467028
56,3,107,0,6,2.0,-22.173120588862066,-23.78299944203816,23.78299944203816
58,3,130,0,6,2.0,-23.692964718149117,-25.991739838900244,25.991739838900244
59,3,135,0,6,2.0,-22.51782442950185,-24.778256277457864,24.778256277457864
6,0,63,0,6,2.0,-20.72955652297724,-22.967323373093166,22.967323373093166
60,4,2,0,6,2.0,-21.79101583275813,-23.95050192912273,23.95050192912273
61,4,9,0,6,2.0,-23.514328104619025,-25.25461618025908,25.25461618025908
62,4,20,0,6,2.0,-21.73118543977071,-23.920827318552295,23.920827318552295
63,4,26,0,6,2.0,-22.535930844565474,-25.425880201923068,25.425880201923068
64,4,53,0,6,2.0,-23.855935676511237,-26.64336595925083,26.64336595925083
65,4,58,0,6,2.0,-21.001754771011537,-23.783331588996642,23.783331588996642
66,4,60,0,6,2.0,-24.14271448909664,-26.11426066940367,26.11426066940367
67,4,61,0,6,2.0,-25.064405524494983,-27.035003966233845,27.035003966233845
68,4,64,0,6,2.0,-22.174990363387625,-23.839464150913685,23.839464150913685
69,4,89,0,6,2.0,-21.819582593674504,-23.804005370386104,23.804005370386104
7,0,68,0,6,2.0,-22.99618397810467,-23.657488410846522,23.657488410846522
70,4,92,0,6,2.0,-20.849440589091415,-24.601795357146074,24.601795357146074
71,4,115,0,6,2.0,-22.39035602449535,-24.307329956089156,24.307329956089156
72,4,127,0,6,2.0,-23.761171496827448,-25.76868030078433,25.76868030078433
73,4,131,0,6,2.0,-21.08710454300589,-23.293292525406248,23.293292525406248
74,4,139,0,6,2.0,-22.569665663178004,-23.86004269175868,23.86004269175868
75,5,0,0,6,2.0,-22.909407563893865,-24.924774330951692,24.924774330951692
76,5,11,0,6,2.0,-24.444851486448737,-25.246759214010666,25.246759214010666
77,5,35,0,6,2.0,-26.176479853851973,-27.973380965055075,27.973380965055075
78,5,47,0,6,2.0,-25.22321639833527,-26.228707251378754,26.228707251378754
79,5,65,0,6,2.0,-25.453562997450167,-28.10147385188697,28.10147385188697
8,0,69,0,6,2.0,-20.878383617126914,-23.345485153689214,23.345485153689214
80,5,100,0,6,2.0,-23.987600854610708,-26.10615628470913,26.10615628470913
81,5,132,0,6,2.0,-27.79953258087084,-29.770449104557226,29.770449104557226
82,5,138,0,6,2.0,-22.78752583975604,-24.511859086703595,24.511859086703595
83,5,145,0,6,2.0,-22.23677582418732,-24.47503038438951,24.47503038438951
84,5,173,0,6,2.0,-24.397007174367427,-25.517231031057012,25.517231031057012
85,5,175,0,6,2.0,-23.296276148880896,-25.651029174097854,25.651029174097854
86,5,182,0,6,2.0,-24.577400770830142,-26.229466176229245,26.229466176229245
87,5,191,0,6,2.0,-23.550745075445466,-25.475488480606586,25.475488480606586
88,5,219,0,6,2.0,-24.711383324783256,-26.647335046720304,26.647335046720304
89,5,236,0,6,2.0,-22.270592329351306,-24.02420427372266,24.02420427372266
9,0,75,0,6,2.0,-22.43519160197409,-24.104025546794976,24.104025546794976
90,6,13,0,6,2.0,-21.66032873695834,-23.69055887919647,23.69055887919647
91,6,18,0,6,2.0,-22.864401234482504,-25.11541180964027,25.11541180964027
92,6,32,0,6,2.0,-27.23767689478892,-28.90858090476413,28.90858090476413
93,6,36,0,6,2.0,-22.92460672758783,-25.03215306625731,25.03215306625731
94,6,39,0,6,2.0,-24.555092933419555,-26.95782510270797,26.95782510270797
95,6,62,0,6,2.0,-22.910618062545208,-24.96405559966049,24.96405559966049
96,6,66,0,6,2.0,-23.234066947410316,-25.64951058859491,25.64951058859491
97,6,73,0,6,2.0,-23.935357661215548,-26.044489652288515,26.044489652288515
98,6,83,0,6,2.0,-22.418803061565423,-24.9033165429957,24.9033165429957
99,6,90,0,6,2.0,-22.032093439725838,-23.951538708056656,23.951538708056656
0,0,1,0,7,2.0,-31.62044521792823,-34.23775670004801,34.23775670004801
1,0,21,0,7,2.0,-31.764618124422153,-33.75649181672831,33.75649181672831
10,0,81,0,7,2.0,-31.102071328275645,-33.629991680171294,33.629991680171294
100,6,93,0,7,2.0,-32.57543603560352,-36.098293305171985,36.098293305171985
101,6,106,0,7,2.0,-33.984705994896935,-35.86832309965098,35.86832309965098
102,6,126,0,7,2.0,-33.724669823506964,-36.91816392666849,36.91816392666849
103,6,129,0,7,2.0,-32.434845406744266,-35.16913061065521,35.16913061065521
104,6,147,0,7,2.0,-35.00728091106445,-37.8291437372459,37.8291437372459
105,7,15,0,7,2.0,-33.4430882235025,-35.17087633765798,35.17087633765798
106,7,29,0,7,2.0,-37.317880993151945,-40.89216508220321,40.89216508220321
107,7,38,0,7,2.0,-31.261871505651975,-34.268636222556516,34.268636222556516
108,7,42,0,7,2.0,-38.30476728628591,-41.56402432160916,41.56402432160916
109,7,52,0,7,2.0,-34.00930319582603,-36.64298843653969,36.64298843653969
11,0,88,0,7,2.0,-32.572235420034666,-34.0356423102745,34.0356423102745
110,7,71,0,7,2.0,-33.048162917498296,-35.28290893421645,35.28290893421645
114,7,96,0,7,2.0,-37.813840807053175,-40.489602436063564,40.489602436063564
115,7,101,0,7,2.0,-34.46594880167409,-36.71556594832396,36.71556594832396
116,7,103,0,7,2.0,-34.51270870140969,-37.046019664762,37.046019664762
117,7,123,0,7,2.0,-34.19151843500779,-36.55501164508382,36.55501164508382
118,7,140,0,7,2.0,-38.85036925692977,-39.03479439714433,39.03479439714433
119,7,141,0,7,2.0,-33.74322175200057,-36.618599865404114,36.618599865404114
12,0,95,0,7,2.0,-34.758822627671265,-37.594228228543045,37.594228228543045
120,8,17,0,7,2.0,-32.106532711396746,-34.28618441031536,34.28618441031536
121,8,31,0,7,2.0,-34.135436448276735,-36.87338784218331,36.87338784218331
122,8,41,0,7,2.0,-33.47069010610849,-35.976002425412155,35.976002425412155
123,8,46,0,7,2.0,-34.53481439201153,-37.65143242069557,37.65143242069557
124,8,55,0,7,2.0,-31.29414376413102,-33.87215423099474,33.87215423099474
125,8,85,0,7,2.0,-31.90768921000152,-34.3921332388184,34.3921332388184
126,8,94,0,7,2.0,-33.87675812416193,-37.128470223088044,37.128470223088044
127,8,97,0,7,2.0,-32.331812111960744,-34.56747488527866,34.56747488527866
128,8,125,0,7,2.0,-33.651490619515414,-36.08624626613137,36.08624626613137
129,8,137,0,7,2.0,-35.963978796672336,-38.77148725784673,38.77148725784673
13,0,108,0,7,2.0,-34.333581492360885,-36.002035357089504,36.002035357089504
131,8,146,0,7,2.0,-32.66690266796179,-35.39389007746764,35.39389007746764
132,8,160,0,7,2.0,-36.69231674176942,-39.560478538218675,39.560478538218675
133,8,188,0,7,2.0,-34.61138300720853,-35.49954206863447,35.49954206863447
134,8,197,0,7,2.0,-33.53018648953291,-36.49083391271555,36.49083391271555
135,9,4,0,7,2.0,-31.73456204289547,-35.38182829363234,35.38182829363234
136,9,19,0,7,2.0,-34.89028058876435,-37.69824237026073,37.69824237026073
137,9,22,0,7,2.0,-34.79608208592734,-37.15942488614816,37.15942488614816
138,9,33,0,7,2.0,-34.53003171344536,-36.8364290108768,36.8364290108768
139,9,43,0,7,2.0,-34.94815639784857,-37.74683587045331,37.74683587045331
14,0,114,0,7,2.0,-32.5569826420312,-34.979740466199246,34.979740466199246
140,9,45,0,7,2.0,-32.617709709008274,-36.227463425245965,36.227463425245965
141,9,48,0,7,2.0,-36.51434426776675,-39.24092267016229,39.24092267016229
143,9,57,0,7,2.0,-34.717540242893385,-37.649986563823695,37.649986563823695
144,9,80,0,7,2.0,-32.60100633039764,-35.45807486546055,35.45807486546055
145,9,87,0,7,2.0,-31.94833110044389,-34.28651772982815,34.28651772982815
146,9,110,0,7,2.0,-34.632270023703526,-37.67163905424533,37.67163905424533
147,9,116,0,7,2.0,-33.3845380445099,-37.41701992158944,37.41701992158944
148,9,133,0,7,2.0,-35.51288445540898,-38.91201339860076,38.91201339860076
149,9,153,0,7,2.0,-35.20717855650216,-38.04247130213014,38.04247130213014
15,1,3,0,7,2.0,-37.66396210886974,-40.41535085151842,40.41535085151842
150,-1,-1,1,7,2.0,-42.0,-46.32864621774721,46.32864621774721
16,1,6,0,7,2.0,-40.61235120618711,-43.612878566236894,43.612878566236894
17,1,8,0,7,2.0,-42.08486801775325,-45.338244082434144,45.338244082434144
18,1,14,0,7,2.0,-44.185305408318094,-47.39368272747284,47.39368272747284
19,1,23,0,7,2.0,-37.39426310711476,-38.945065423918585,38.945065423918585
2,0,34,0,7,2.0,-32.25637004904032,-35.62511821826433,35.62511821826433
20,1,24,0,7,2.0,-33.36445466378182,-36.78023463245044,36.78023463245044
21,1,40,0,7,2.0,-41.021688486038826,-44.49240314272702,44.49240314272702
22,1,59,0,7,2.0,-38.51393215103515,-41.641473438249065,41.641473438249065
23,1,67,0,7,2.0,-36.06764900006641,-39.57793405514508,39.57793405514508
24,1,70,0,7,2.0,-35.61212080205581,-39.11912903219468,39.11912903219468
25,1,72,0,7,2.0,-44.46231445206581,-47.68713218359393,47.68713218359393
26,1,77,0,7,2.0,-39.81910913824876,-42.750104551600565,42.750104551600565
27,1,78,0,7,2.0,-38.117297473471005,-40.78221275851092,40.78221275851092
28,1,99,0,7,2.0,-38.651777964853125,-41.80533870752591,41.80533870752591
29,1,102,0,7,2.0,-45.6563762848266,-48.84624245857925,48.84624245857925
3,0,37,0,7,2.0,-32.9176812498153,-35.750568114355616,35.750568114355616
30,2,5,0,7,2.0,-32.9467300456684,-35.52615115154508,35.52615115154508
31,2,16,0,7,2.0,-33.164694448612934,-36.1408548997089,36.1408548997089
32,2,25,0,7,2.0,-31.344796317726722,-33.925733937952856,33.925733937952856
33,2,28,0,7,2.0,-30.594035103977525,-32.27604594149071,32.27604594149071
34,2,76,0,7,2.0,-34.245475478886156,-36.3903264902695,36.3903264902695
35,2,82,0,7,2.0,-31.895909310087973,-34.49565959064635,34.49565959064635
36,2,109,0,7,2.0,-35.28122495252286,-37.48751345069021,37.48751345069021
37,2,117,0,7,2.0,-29.035174166565188,-32.025021943542214,32.025021943542214
38,2,120,0,7,2.0,-31.931016568579285,-33.54020965760462,33.54020965760462
39,2,122,0,7,2.0,-33.461146491402054,-35.887783272398686,35.887783272398686
4,0,51,0,7,2.0,-32.14258208901383,-34.091856245810256,34.091856245810256
40,2,143,0,7,2.0,-35.8201043390881,-38.80127598505279,38.80127598505279
41,2,159,0,7,2.0,-29.47272180115073,-32.75624411038307,32.75624411038307
42,2,161,0,7,2.0,-30.878766522431256,-33.269671539321706,33.269671539321706
43,2,171,0,7,2.0,-30.017112660329023,-32.469412676691086,32.469412676691086
44,2,178,0,7,2.0,-32.79025601611777,-34.712772633642246,34.712772633642246
45,3,7,0,7,2.0,-32.12711110012185,-34.51918685474307,34.51918685474307
46,3,10,0,7,2.0,-36.41292022449375,-39.26083711603388,39.26083711603388
47,3,12,0,7,2.0,-32.86048953121189,-35.582554589183104,35.582554589183104
48,3,27,0,7,2.0,-31.632331480066767,-34.354250470708884,34.354250470708884
49,3,30,0,7,2.0,-31.048264369540696,-33.00537056084001,33.00537056084001
5,0,56,0,7,2.0,-33.38028389231471,-35.47913796863002,35.47913796863002
50,3,44,0,7,2.0,-33.24727777455918,-36.375026697534196,36.375026697534196
51,3,49,0,7,2.0,-33.31136692405391,-35.99229891539502,35.99229891539502
52,3,50,0,7,2.0,-37.962723497527186,-40.64854722357907,40.64854722357907
53,3,74,0,7,2.0,-35.0390856817563,-37.800624217421145,37.800624217421145
55,3,98,0,7,2.0,-34.14956276165701,-37.10817713030086,37.10817713030086
56,3,107,0,7,2.0,-35.33448339210176,-38.09197668316657,38.09197668316657
57,3,111,0,7,2.0,-27.762476806527594,-31.37404389371031,31.37404389371031
58,3,130,0,7,2.0,-36.11906853232504,-38.4384550514107,38.4384550514107
59,3,135,0,7,2.0,-33.074579071499876,-35.729464141501126,35.729464141501126
6,0,63,0,7,2.0,-31.683489344531477,-33.54970557803139,33.54970557803139
60,4,2,0,7,2.0,-33.003775922810256,-35.29697293403267,35.29697293403267
61,4,9,0,7,2.0,-34.0894865772768,-36.7910370314046,36.7910370314046
62,4,20,0,7,2.0,-32.4128626429215,-34.79585571523874,34.79585571523874
63,4,26,0,7,2.0,-37.00465131083908,-39.8741680454023,39.8741680454023
65,4,58,0,7,2.0,-34.97893085988562,-38.08068910162536,38.08068910162536
66,4,60,0,7,2.0,-33.332623140231114,-35.92372647159616,35.92372647159616
67,4,61,0,7,2.0,-33.99006599595706,-36.72772688926992,36.72772688926992
68,4,64,0,7,2.0,-31.341395223706634,-33.03182129551278,33.03182129551278
69,4,89,0,7,2.0,-32.79146276649977,-33.956268157395456,33.956268157395456
7,0,68,0,7,2.0,-34.65574472636966,-36.448736139966684,36.448736139966684
70,4,92,0,7,2.0,-36.61114136697937,-39.32750450078768,39.32750450078768
71,4,115,0,7,2.0,-32.8924475843938,-35.47297872424181,35.47297872424181
72,4,127,0,7,2.0,-33.28089857701538,-34.914197246551026,34.914197246551026
74,4,139,0,7,2.0,-33.55714708739189,-36.664692067196285,36.664692067196285
75,5,0,0,7,2.0,-33.87181682665695,-36.56045104068079,36.56045104068079
76,5,11,0,7,2.0,-35.82752126936313,-37.685514383540216,37.685514383540216
77,5,35,0,7,2.0,-33.393573358906245,-35.374606448014724,35.374606448014724
78,5,47,0,7,2.0,-34.86323435475029,-37.16526193311117,37.16526193311117
79,5,65,0,7,2.0,-35.59567018183545,-38.48034531090176,38.48034531090176
8,0,69,0,7,2.0,-33.747572989575275,-36.568673120560796,36.568673120560796
80,5,100,0,7,2.0,-34.9690832254245,-36.51633823455448,36.51633823455448
81,5,132,0,7,2.0,-39.83816807284853,-42.78447314397679,42.78447314397679
82,5,138,0,7,2.0,-33.87117385729177,-34.11754665382131,34.11754665382131
83,5,145,0,7,2.0,-34.651343592251585,-37.67324216981773,37.67324216981773
84,5,173,0,7,2.0,-37.345317526320414,-40.488220832109675,40.488220832109675
85,5,175,0,7,2.0,-34.918700427322555,-37.54726569480539,37.54726569480539
86,5,182,0,7,2.0,-34.5548304314089,-36.28234676636234,36.28234676636234
87,5,191,0,7,2.0,-34.21859960241385,-37.30420097656948,37.30420097656948
88,5,219,0,7,2.0,-35.053694974064214,-37.02163951222542,37.02163951222542
89,5,236,0,7,2.0,-30.736602272719736,-32.90440598491464,32.90440598491464
90,6,13,0,7,2.0,-31.60334608155235,-34.239083111808625,34.239083111808625
91,6,18,0,7,2.0,-36.951364650216,-39.29715729570517,39.29715729570517
92,6,32,0,7,2.0,-33.85323532819759,-36.172607137570274,36.172607137570274
93,6,36,0,7,2.0,-33.644376192695404,-35.29532467789791,35.29532467789791
94,6,39,0,7,2.0,-35.25775934148106,-38.266884762659735,38.266884762659735
95,6,62,0,7,2.0,-33.91942699979103,-36.82954110014104,36.82954110014104
96,6,66,0,7,2.0,-32.67544463540734,-35.534357607741754,35.534357607741754
98,6,83,0,7,2.0,-31.113937520510973,-34.86897601608185,34.86897601608185
99,6,90,0,7,2.0,-32.246785798332674,-34.808855388221346,34.808855388221346
0,0,1,0,8,2.0,-47.447057584155004,-50.318324395324524,50.318324395324524
1,0,21,0,8,2.0,-44.10949924127853,-46.8042367639436,46.8042367639436
10,0,81,0,8,2.0,-48.425768988174994,-51.48462094104139,51.48462094104139
100,6,93,0,8,2.0,-46.35673534735188,-50.04847040939515,50.04847040939515
101,6,106,0,8,2.0,-47.41373959517182,-51.644096148584374,51.644096148584374
102,6,126,0,8,2.0,-45.435698268370274,-45.707422339888524,45.707422339888524
103,6,129,0,8,2.0,-44.467160073976395,-47.61035397792905,47.61035397792905
107,7,38,0,8,2.0,-47.411614104522634,-49.89280987749242,49.89280987749242
108,7,42,0,8,2.0,-51.239520447255394,-55.16752194721307,55.16752194721307
109,7,52,0,8,2.0,-45.74753235133941,-53.100503876028895,53.100503876028895
11,0,88,0,8,2.0,-48.88056138345051,-51.50079271951603,51.50079271951603
110,7,71,0,8,2.0,-49.83560240148936,-53.129660429062355,53.129660429062355
111,7,79,0,8,2.0,-51.261083551806784,-54.879311430413225,54.879311430413225
112,7,84,0,8,2.0,-53.36189083445362,-57.13931264720643,57.13931264720643
113,7,91,0,8,2.0,-45.86620075173918,-48.8167073559244,48.8167073559244
114,7,96,0,8,2.0,-49.0562403511746,-53.34052758925481,53.34052758925481
115,7,101,0,8,2.0,-46.13904246661157,-48.586459116165436,48.586459116165436
116,7,103,0,8,2.0,-47.441895528305395,-53.36924695639253,53.36924695639253
117,7,123,0,8,2.0,-49.048980944449475,-51.748054929341784,51.748054929341784
118,7,140,0,8,2.0,-49.44844506248221,-52.734403625843825,52.734403625843825
119,7,141,0,8,2.0,-48.32502287143585,-52.371398600091844,52.371398600091844
12,0,95,0,8,2.0,-48.72436049499599,-51.845177858770285,51.845177858770285
120,8,17,0,8,2.0,-48.98389979652255,-53.27394041935122,53.27394041935122
121,8,31,0,8,2.0,-43.005091282980935,-46.810341674692026,46.810341674692026
122,8,41,0,8,2.0,-46.789911196716155,-51.27093557189753,51.27093557189753
124,8,55,0,8,2.0,-44.64783057829077,-47.64018295579608,47.64018295579608
125,8,85,0,8,2.0,-45.49654943710557,-47.67377350983439,47.67377350983439
127,8,97,0,8,2.0,-45.745474817417495,-50.19955301044664,50.19955301044664
128,8,125,0,8,2.0,-47.405721545337215,-51.533798840970654,51.533798840970654
129,8,137,0,8,2.0,-46.94623551055311,-49.70079237760006,49.70079237760006
13,0,108,0,8,2.0,-44.35944232005923,-46.63347621221786,46.63347621221786
130,8,144,0,8,2.0,-49.04872384470841,-51.62797515771972,51.62797515771972
131,8,146,0,8,2.0,-48.53017572802446,-52.03299065328048,52.03299065328048
132,8,160,0,8,2.0,-47.91892105963869,-51.09237700411929,51.09237700411929
134,8,197,0,8,2.0,-48.34475954183672,-51.8061503050517,51.8061503050517
135,9,4,0,8,2.0,-51.11229682321361,-54.64084761872196,54.64084761872196
136,9,19,0,8,2.0,-49.59870719947946,-52.87904907761897,52.87904907761897
137,9,22,0,8,2.0,-47.671267964387816,-50.3915445706464,50.3915445706464
138,9,33,0,8,2.0,-50.54847141772351,-54.370165213071196,54.370165213071196
139,9,43,0,8,2.0,-48.75629883955631,-53.11917439592208,53.11917439592208
14,0,114,0,8,2.0,-43.78682827702184,-46.014088574655254,46.014088574655254
140,9,45,0,8,2.0,-51.620707602309075,-54.940443221545706,54.940443221545706
141,9,48,0,8,2.0,-48.99992899941497,-52.43772451343718,52.43772451343718
142,9,54,0,8,2.0,-44.92184510911893,-48.591498655996126,48.591498655996126
143,9,57,0,8,2.0,-48.07269038844693,-51.49777992129688,51.49777992129688
144,9,80,0,8,2.0,-47.5022336455391,-50.519399472670045,50.519399472670045
145,9,87,0,8,2.0,-47.41707609538355,-50.81376539870765,50.81376539870765
146,9,110,0,8,2.0,-49.72812641147087,-53.77179334872462,53.77179334872462
147,9,116,0,8,2.0,-49.806452933569226,-53.643846845768266,53.643846845768266
148,9,133,0,8,2.0,-49.378277215519944,-53.22485213937443,53.22485213937443
149,9,153,0,8,2.0,-48.47783132689585,-52.05573192059622,52.05573192059622
15,1,3,0,8,2.0,-51.94356168961148,-55.650013941939065,55.650013941939065
150,-1,-1,1,8,2.0,-56.0,-61.60515319948551,61.60515319948551
16,1,6,0,8,2.0,-52.805627255113706,-57.154267102276386,57.154267102276386
17,1,8,0,8,2.0,-53.935250483914615,-57.142526205731606,57.142526205731606
18,1,14,0,8,2.0,-54.67438085828936,-58.53560331707672,58.53560331707672
19,1,23,0,8,2.0,-51.40451384398584,-55.02761718006891,55.02761718006891
2,0,34,0,8,2.0,-43.8499629798343,-47.109147576738074,47.109147576738074
21,1,40,0,8,2.0,-54.11460870812934,-55.95635821976391,55.95635821976391
22,1,59,0,8,2.0,-53.45113292141594,-56.92119984087616,56.92119984087616
23,1,67,0,8,2.0,-51.736985216944326,-56.064748503888076,56.064748503888076
24,1,70,0,8,2.0,-51.0442373471039,-53.986588216816024,53.986588216816024
25,1,72,0,8,2.0,-52.199295112417545,-56.45219623721457,56.45219623721457
26,1,77,0,8,2.0,-51.54384775388263,-52.491864515235605,52.491864515235605
27,1,78,0,8,2.0,-49.36890599001635,-51.90147842506309,51.90147842506309
28,1,99,0,8,2.0,-51.51049755606815,-52.34409899611096,52.34409899611096
29,1,102,0,8,2.0,-55.22735655333801,-59.20458592332434,59.20458592332434
3,0,37,0,8,2.0,-43.35259574414232,-45.81637275120845,45.81637275120845
31,2,16,0,8,2.0,-43.52439399850078,-45.65954468527619,45.65954468527619
32,2,25,0,8,2.0,-41.04513456231728,-42.96063858765548,42.96063858765548
33,2,28,0,8,2.0,-45.364863990481076,-48.82735369743751,48.82735369743751
34,2,76,0,8,2.0,-46.62676612877328,-49.379898799074354,49.379898799074354
35,2,82,0,8,2.0,-43.553264938603235,-47.69453058119967,47.69453058119967
36,2,109,0,8,2.0,-47.18171709188298,-49.83571710830914,49.83571710830914
37,2,117,0,8,2.0,-40.88280271795852,-45.285374116981714,45.285374116981714
38,2,120,0,8,2.0,-46.54683699451505,-50.16340998770197,50.16340998770197
40,2,143,0,8,2.0,-47.372827486141375,-51.355616992580885,51.355616992580885
41,2,159,0,8,2.0,-45.41634512427744,-49.78275319879083,49.78275319879083
42,2,161,0,8,2.0,-41.495270254137765,-43.60263564880152,43.60263564880152
43,2,171,0,8,2.0,-44.79663143353879,-49.10454796215651,49.10454796215651
44,2,178,0,8,2.0,-44.08182828807279,-45.24523173135559,45.24523173135559
45,3,7,0,8,2.0,-43.21906096502318,-46.74152277633916,46.74152277633916
46,3,10,0,8,2.0,-47.41782168505057,-50.701403189485774,50.701403189485774
49,3,30,0,8,2.0,-47.838128525055495,-51.75303607212702,51.75303607212702
5,0,56,0,8,2.0,-42.88539480649781,-45.264163452187,45.264163452187
50,3,44,0,8,2.0,-48.429616809267976,-52.371322279997464,52.371322279997464
51,3,49,0,8,2.0,-44.81524254127158,-48.88070578390162,48.88070578390162
52,3,50,0,8,2.0,-50.66074504818307,-53.57630363686579,53.57630363686579
55,3,98,0,8,2.0,-48.379519833407606,-52.257496348062894,52.257496348062894
56,3,107,0,8,2.0,-49.10058276090339,-52.215567796011136,52.215567796011136
58,3,130,0,8,2.0,-46.60554249137997,-50.03566191141882,50.03566191141882
59,3,135,0,8,2.0,-45.57333189824297,-49.69079177596089,49.69079177596089
60,4,2,0,8,2.0,-50.384302620448175,-54.16485242476386,54.16485242476386
61,4,9,0,8,2.0,-47.401240552847895,-50.68277820088876,50.68277820088876
63,4,26,0,8,2.0,-49.08045893187847,-52.79372789631529,52.79372789631529
64,4,53,0,8,2.0,-46.90776888015787,-51.20447274969673,51.20447274969673
65,4,58,0,8,2.0,-47.50978447318303,-51.84500822954195,51.84500822954195
66,4,60,0,8,2.0,-43.61222076769813,-47.42529726036481,47.42529726036481
67,4,61,0,8,2.0,-46.933569709396586,-51.17175655173488,51.17175655173488
68,4,64,0,8,2.0,-44.18145045197736,-45.765304488814,45.765304488814
69,4,89,0,8,2.0,-45.81491306659129,-47.75216009103973,47.75216009103973
7,0,68,0,8,2.0,-46.90567367951728,-49.29391939166765,49.29391939166765
70,4,92,0,8,2.0,-51.31933637868056,-55.1065673435995,55.1065673435995
71,4,115,0,8,2.0,-48.59952167643316,-52.16552332074591,52.16552332074591
72,4,127,0,8,2.0,-44.09785977883843,-47.30793918442606,47.30793918442606
73,4,131,0,8,2.0,-43.35265180616058,-47.70609093065253,47.70609093065253
74,4,139,0,8,2.0,-46.25917945881838,-50.77090670098428,50.77090670098428
75,5,0,0,8,2.0,-45.286966790397024,-45.777081720188015,45.777081720188015
76,5,11,0,8,2.0,-51.13857949404223,-53.943812328339675,53.943812328339675
77,5,35,0,8,2.0,-49.35070826162133,-52.73400730742502,52.73400730742502
78,5,47,0,8,2.0,-48.19936525543729,-48.564657060404215,48.564657060404215
79,5,65,0,8,2.0,-47.64065578790116,-51.50205465463004,51.50205465463004
80,5,100,0,8,2.0,-50.2159185947158,-54.266979348213596,54.266979348213596
81,5,132,0,8,2.0,-52.34112822588903,-56.47363895964052,56.47363895964052
82,5,138,0,8,2.0,-47.936376981778764,-51.39007613544064,51.39007613544064
83,5,145,0,8,2.0,-47.68314824273315,-51.47536547934585,51.47536547934585
84,5,173,0,8,2.0,-53.803873560825075,-57.57607977051768,57.57607977051768
85,5,175,0,8,2.0,-46.66109017130276,-51.26250968893531,51.26250968893531
86,5,182,0,8,2.0,-47.144646270492096,-50.80671981819188,50.80671981819188
87,5,191,0,8,2.0,-47.721172442828205,-51.462530355083445,51.462530355083445
88,5,219,0,8,2.0,-45.84484958866859,-48.5827019978184,48.5827019978184
89,5,236,0,8,2.0,-50.3573259875867,-54.30393543631335,54.30393543631335
9,0,75,0,8,2.0,-46.49494904619181,-49.098034166611484,49.098034166611484
90,6,13,0,8,2.0,-46.14424250174597,-50.48781220668454,50.48781220668454
92,6,32,0,8,2.0,-45.7729040091385,-50.22464852725379,50.22464852725379
94,6,39,0,8,2.0,-47.62515652075917,-50.74642207301683,50.74642207301683
95,6,62,0,8,2.0,-47.74344991717729,-50.90696297539241,50.90696297539241
96,6,66,0,8,2.0,-45.740017293815825,-49.10350812918631,49.10350812918631
97,6,73,0,8,2.0,-45.3131932323581,-49.215737557894904,49.215737557894904
98,6,83,0,8,2.0,-44.731744159524574,-47.995264447656325,47.995264447656325
1,0,21,0,9,2.0,-58.551841206536764,-62.885192410549486,62.885192410549486
10,0,81,0,9,2.0,-59.65386958830289,-63.8546951676619,63.8546951676619
101,6,106,0,9,2.0,-62.118909291057705,-66.291529579508,66.291529579508
102,6,126,0,9,2.0,-60.99723274345075,-63.239207707152985,63.239207707152985
104,6,147,0,9,2.0,-61.76235603542287,-64.22722680892734,64.22722680892734
105,7,15,0,9,2.0,-63.194507095590474,-64.51611980728757,64.51611980728757
106,7,29,0,9,2.0,-68.95866143342428,-70.16888619638512,70.16888619638512
107,7,38,0,9,2.0,-61.84390581509474,-64.05888372628351,64.05888372628351
108,7,42,0,9,2.0,-69.18754232421331,-73.65583543311992,73.65583543311992
110,7,71,0,9,2.0,-62.403551879586225,-67.80751987263785,67.80751987263785
111,7,79,0,9,2.0,-64.22474759169393,-68.41797521752719,68.41797521752719
112,7,84,0,9,2.0,-68.17076276388946,-69.2150129756394,69.2150129756394
113,7,91,0,9,2.0,-59.90158612718342,-64.76884775866223,64.76884775866223
114,7,96,0,9,2.0,-64.79829006927635,-69.8987000058972,69.8987000058972
115,7,101,0,9,2.0,-61.93254912435192,-65.84105158664894,65.84105158664894
116,7,103,0,9,2.0,-66.36964087191997,-70.87187410051291,70.87187410051291
118,7,140,0,9,2.0,-66.86376937098767,-67.9084673129417,67.9084673129417
119,7,141,0,9,2.0,-62.82130307393056,-66.95173635079496,66.95173635079496
12,0,95,0,9,2.0,-58.832894274194686,-62.48147379170218,62.48147379170218
120,8,17,0,9,2.0,-62.304237871814465,-67.17536190529654,67.17536190529654
121,8,31,0,9,2.0,-61.136086720131004,-66.55196173898354,66.55196173898354
122,8,41,0,9,2.0,-60.00770009638762,-64.46075466693549,64.46075466693549
123,8,46,0,9,2.0,-63.68659802673905,-67.27728349372232,67.27728349372232
124,8,55,0,9,2.0,-59.88618306822822,-64.68659105282369,64.68659105282369
126,8,94,0,9,2.0,-61.2346564177498,-65.97591294609018,65.97591294609018
127,8,97,0,9,2.0,-59.992411569302824,-62.49733302877238,62.49733302877238
128,8,125,0,9,2.0,-60.531486451347455,-65.02506678025176,65.02506678025176
129,8,137,0,9,2.0,-62.943470210997894,-68.47121500940199,68.47121500940199
130,8,144,0,9,2.0,-60.69435791850077,-63.098721406369826,63.098721406369826
131,8,146,0,9,2.0,-58.317144249502306,-62.979098502788844,62.979098502788844
133,8,188,0,9,2.0,-61.27046626377209,-65.73361794996367,65.73361794996367
134,8,197,0,9,2.0,-61.08135157547306,-65.85925609749783,65.85925609749783
135,9,4,0,9,2.0,-61.6227044042459,-66.63809641018454,66.63809641018454
136,9,19,0,9,2.0,-65.1381239570642,-70.24664582303265,70.24664582303265
137,9,22,0,9,2.0,-65.56782990738158,-70.31700166559376,70.31700166559376
138,9,33,0,9,2.0,-63.35525631206958,-67.53088123944724,67.53088123944724
139,9,43,0,9,2.0,-64.44617965178453,-66.53754645770668,66.53754645770668
14,0,114,0,9,2.0,-56.79014001093301,-60.5769570375515,60.5769570375515
140,9,45,0,9,2.0,-60.561377947633524,-63.37488408952637,63.37488408952637
141,9,48,0,9,2.0,-66.60429649545952,-72.18110068324562,72.18110068324562
142,9,54,0,9,2.0,-64.48508968473287,-66.58135328080121,66.58135328080121
143,9,57,0,9,2.0,-62.78450778324183,-67.3117656233225,67.3117656233225
144,9,80,0,9,2.0,-62.037567683789305,-66.43160529510796,66.43160529510796
145,9,87,0,9,2.0,-61.222335751577674,-65.48952560673119,65.48952560673119
146,9,110,0,9,2.0,-59.57976751636776,-64.14254595750356,64.14254595750356
147,9,116,0,9,2.0,-59.772569537277455,-63.018532643337444,63.018532643337444
149,9,153,0,9,2.0,-68.10947939682016,-73.36082839305556,73.36082839305556
150,-1,-1,1,9,2.0,-72.0,-79.03921035584325,79.03921035584325
16,1,6,0,9,2.0,-69.44704353869258,-74.71704935910445,74.71704935910445
17,1,8,0,9,2.0,-72.26324177119604,-78.58982506252528,78.58982506252528
18,1,14,0,9,2.0,-75.72531993740857,-81.61791803270678,81.61791803270678
19,1,23,0,9,2.0,-66.80696800289829,-71.76906046065814,71.76906046065814
2,0,34,0,9,2.0,-61.469182079296715,-66.19017161754137,66.19017161754137
20,1,24,0,9,2.0,-66.09646583085353,-70.89200600068257,70.89200600068257
21,1,40,0,9,2.0,-72.15866678040365,-74.97425625350796,74.97425625350796
22,1,59,0,9,2.0,-68.82222455256009,-71.09158316210876,71.09158316210876
24,1,70,0,9,2.0,-65.41570701945294,-70.22083749760765,70.22083749760765
25,1,72,0,9,2.0,-74.35725425187366,-79.7973449357509,79.7973449357509
26,1,77,0,9,2.0,-67.98145242156887,-69.22159075192677,69.22159075192677
27,1,78,0,9,2.0,-67.75139016164715,-72.87205785044209,72.87205785044209
28,1,99,0,9,2.0,-69.35134847081707,-69.81569322519493,69.81569322519493
29,1,102,0,9,2.0,-76.85417296980923,-82.21916976889607,82.21916976889607
3,0,37,0,9,2.0,-57.82017980846812,-61.68120218368023,61.68120218368023
31,2,16,0,9,2.0,-56.48866383560476,-62.26390096946882,62.26390096946882
32,2,25,0,9,2.0,-57.50311307419942,-61.40766948368181,61.40766948368181
33,2,28,0,9,2.0,-57.1683383505776,-61.42036944286354,61.42036944286354
34,2,76,0,9,2.0,-59.315156294343204,-63.94433317446022,63.94433317446022
35,2,82,0,9,2.0,-57.52975522366693,-62.7159837067943,62.7159837067943
36,2,109,0,9,2.0,-65.24278476228332,-70.082983667947,70.082983667947
37,2,117,0,9,2.0,-59.29847626237294,-63.52021867092223,63.52021867092223
39,2,122,0,9,2.0,-67.09538873205716,-71.95365951495583,71.95365951495583
4,0,51,0,9,2.0,-59.12241787160766,-63.637770541743556,63.637770541743556
40,2,143,0,9,2.0,-59.8250574092449,-64.70043640227264,64.70043640227264
41,2,159,0,9,2.0,-61.520278391067926,-66.2755592381496,66.2755592381496
43,2,171,0,9,2.0,-61.899914812856316,-66.26200122948659,66.26200122948659
45,3,7,0,9,2.0,-59.19205244890205,-63.74082448854524,63.74082448854524
46,3,10,0,9,2.0,-62.4723705756279,-65.64761978274367,65.64761978274367
48,3,27,0,9,2.0,-54.62691950429607,-59.75807890665969,59.75807890665969
5,0,56,0,9,2.0,-57.84222855918722,-61.43424315894512,61.43424315894512
50,3,44,0,9,2.0,-65.86709388400935,-70.75379552591308,70.75379552591308
52,3,50,0,9,2.0,-62.17638097492604,-65.43091049179976,65.43091049179976
53,3,74,0,9,2.0,-63.427608863241275,-67.58963397318684,67.58963397318684
54,3,86,0,9,2.0,-63.19661338823588,-67.53715697943673,67.53715697943673
56,3,107,0,9,2.0,-56.23153126041846,-59.62276276281639,59.62276276281639
59,3,135,0,9,2.0,-60.1702107662222,-63.7290447018316,63.7290447018316
60,4,2,0,9,2.0,-63.806882960530004,-66.22576498996366,66.22576498996366
61,4,9,0,9,2.0,-62.26170216837287,-63.58543067725274,63.58543067725274
64,4,53,0,9,2.0,-62.58554737611939,-68.28847462363814,68.28847462363814
65,4,58,0,9,2.0,-61.345062697246796,-67.22732065430017,67.22732065430017
66,4,60,0,9,2.0,-61.937037954322584,-65.71786061196106,65.71786061196106
67,4,61,0,9,2.0,-63.00758836866475,-65.24368795118916,65.24368795118916
69,4,89,0,9,2.0,-63.40331756796811,-68.15343051751782,68.15343051751782
7,0,68,0,9,2.0,-61.377395029406166,-61.994635646651,61.994635646651
71,4,115,0,9,2.0,-62.21599433290284,-67.13543643473477,67.13543643473477
72,4,127,0,9,2.0,-64.9180286326721,-69.89486244053501,69.89486244053501
73,4,131,0,9,2.0,-60.829517946934764,-64.97207661110086,64.97207661110086
74,4,139,0,9,2.0,-61.64394190331289,-64.62622957839308,64.62622957839308
76,5,11,0,9,2.0,-66.86514399931237,-69.38791804623406,69.38791804623406
77,5,35,0,9,2.0,-67.64674239559281,-68.6445720629641,68.6445720629641
78,5,47,0,9,2.0,-64.9652966385389,-68.14206309736578,68.14206309736578
79,5,65,0,9,2.0,-70.24509431239737,-75.25857703743665,75.25857703743665
8,0,69,0,9,2.0,-57.68769995627662,-62.2683956038136,62.2683956038136
80,5,100,0,9,2.0,-65.610435569873,-68.89508887919547,68.89508887919547
81,5,132,0,9,2.0,-65.79306505573638,-66.91840181092556,66.91840181092556
82,5,138,0,9,2.0,-60.164844351735894,-63.43883598603525,63.43883598603525
83,5,145,0,9,2.0,-63.378321017484154,-65.90038800374559,65.90038800374559
84,5,173,0,9,2.0,-65.6908932324654,-68.3476484992898,68.3476484992898
85,5,175,0,9,2.0,-65.46845030062744,-69.91344154764764,69.91344154764764
86,5,182,0,9,2.0,-61.831631852476214,-63.134038871598776,63.134038871598776
87,5,191,0,9,2.0,-63.94298100772083,-66.3695993302773,66.3695993302773
89,5,236,0,9,2.0,-60.45479134576713,-65.06011594479834,65.06011594479834
9,0,75,0,9,2.0,-61.006969812062515,-61.93219061274907,61.93219061274907
90,6,13,0,9,2.0,-60.0108669549384,-64.25526009276106,64.25526009276106
91,6,18,0,9,2.0,-64.80768916704699,-69.37295734004512,69.37295734004512
93,6,36,0,9,2.0,-61.87440097650563,-66.87287142475562,66.87287142475562
94,6,39,0,9,2.0,-62.377228497824916,-66.15704285129672,66.15704285129672
95,6,62,0,9,2.0,-59.54218604589121,-64.47284537307223,64.47284537307223
96,6,66,0,9,2.0,-63.95653853352098,-68.06356863284508,68.06356863284508
97,6,73,0,9,2.0,-59.88994240578193,-65.46523940255521,65.46523940255521
98,6,83,0,9,2.0,-58.69487596856989,-61.62638955692264,61.62638955692264
