task_id,digit,mnist_idx,is_black,nr,kappa,E_min,E_min_minus,E_max,gap
0,0,1,0,4,2.0,-8.401282724386423,-8.005074904389529,8.005074904389529,16.40635762877595
1,0,21,0,4,2.0,-8.0672465815063,-8.055136511848792,8.055136511848792,16.12238309335509
10,0,81,0,4,2.0,-9.008296748316871,-9.255197019635643,9.255197019635643,18.263493767952514
100,6,93,0,4,2.0,-9.017734739949,-9.603540948361276,9.603540948361276,18.621275688310277
101,6,106,0,4,2.0,-8.874146396398267,-10.128203338831952,10.128203338831952,19.00234973523022
102,6,126,0,4,2.0,-9.152396528163385,-9.849571977764068,9.849571977764068,19.00196850592745
103,6,129,0,4,2.0,-9.419758931642075,-9.738194271682492,9.738194271682492,19.157953203324567
104,6,147,0,4,2.0,-9.687976556311469,-10.509866059706484,10.509866059706484,20.19784261601795
105,7,15,0,4,2.0,-9.364371411327625,-9.787035881884458,9.787035881884458,19.15140729321208
106,7,29,0,4,2.0,-9.745266523222146,-10.340072310498748,10.340072310498748,20.085338833720893
107,7,38,0,4,2.0,-9.47785292346075,-10.204299570111438,10.204299570111438,19.68215249357219
108,7,42,0,4,2.0,-9.786211512845156,-10.375762630535744,10.375762630535744,20.161974143380903
109,7,52,0,4,2.0,-9.448955275584604,-9.823075945001216,9.823075945001216,19.27203122058582
11,0,88,0,4,2.0,-8.760709218356366,-8.236832717777704,8.236832717777704,16.99754193613407
110,7,71,0,4,2.0,-9.23567540002215,-9.65218141437412,9.65218141437412,18.88785681439627
111,7,79,0,4,2.0,-9.641559415617154,-9.99982719241144,9.99982719241144,19.641386608028593
112,7,84,0,4,2.0,-8.995637829733033,-9.475604469809092,9.475604469809092,18.471242299542126
113,7,91,0,4,2.0,-8.807263750736643,-9.345249162150996,9.345249162150996,18.152512912887637
114,7,96,0,4,2.0,-8.96113710104608,-9.589607597934492,9.589607597934492,18.550744698980573
115,7,101,0,4,2.0,-8.247740274889638,-8.76179467567106,8.76179467567106,17.0095349505607
116,7,103,0,4,2.0,-9.036705694298332,-9.306929255647317,9.306929255647317,18.34363494994565
117,7,123,0,4,2.0,-8.720196541218666,-9.080949665654911,9.080949665654911,17.801146206873575
118,7,140,0,4,2.0,-9.490923916579703,-10.347615446329884,10.347615446329884,19.838539362909586
119,7,141,0,4,2.0,-9.63121912723746,-9.968396378345664,9.968396378345664,19.599615505583124
12,0,95,0,4,2.0,-8.59618867673855,-8.826797993147856,8.826797993147856,17.422986669886406
120,8,17,0,4,2.0,-8.954043816228966,-9.120268326117037,9.120268326117037,18.074312142346002
121,8,31,0,4,2.0,-8.208554805085344,-8.607664773107546,8.607664773107546,16.81621957819289
122,8,41,0,4,2.0,-9.19806789076216,-9.589236334340187,9.589236334340187,18.787304225102346
123,8,46,0,4,2.0,-9.796772979145144,-10.455480160098109,10.455480160098109,20.25225313924325
124,8,55,0,4,2.0,-9.212915510492492,-9.415283295055962,9.415283295055962,18.628198805548454
125,8,85,0,4,2.0,-8.960365672740348,-9.209229179374775,9.209229179374775,18.169594852115125
126,8,94,0,4,2.0,-10.0383761902089,-10.583500650553225,10.583500650553225,20.621876840762127
127,8,97,0,4,2.0,-9.237825051613523,-9.626316305826766,9.626316305826766,18.86414135744029
128,8,125,0,4,2.0,-9.417380757478687,-9.717390221313746,9.717390221313746,19.13477097879243
129,8,137,0,4,2.0,-8.8443159346814,-9.001425452873594,9.001425452873594,17.845741387554995
13,0,108,0,4,2.0,-8.649362567409074,-7.534571652813427,7.534571652813427,16.1839342202225
130,8,144,0,4,2.0,-8.987774009592613,-9.806067994561364,9.806067994561364,18.793842004153976
131,8,146,0,4,2.0,-8.302582328140401,-8.380956501137362,8.380956501137362,16.683538829277765
132,8,160,0,4,2.0,-9.489615871266146,-10.5592731955553,10.5592731955553,20.048889066821445
133,8,188,0,4,2.0,-8.974368636406295,-9.84936244847912,9.84936244847912,18.823731084885416
134,8,197,0,4,2.0,-8.449276889835705,-8.648353964331767,8.648353964331767,17.09763085416747
135,9,4,0,4,2.0,-10.308689740929008,-10.736615178763335,10.736615178763335,21.04530491969234
136,9,19,0,4,2.0,-9.992785741472272,-10.32058521392085,10.32058521392085,20.313370955393122
137,9,22,0,4,2.0,-9.165107842615104,-9.345272403080852,9.345272403080852,18.510380245695956
138,9,33,0,4,2.0,-9.369338063268165,-9.819640663241607,9.819640663241607,19.188978726509774
139,9,43,0,4,2.0,-9.227130391007869,-9.615102974603122,9.615102974603122,18.84223336561099
14,0,114,0,4,2.0,-8.340127566404915,-8.561766182243515,8.561766182243515,16.90189374864843
140,9,45,0,4,2.0,-9.766414026165284,-10.35300157562439,10.35300157562439,20.119415601789676
141,9,48,0,4,2.0,-9.376524755040109,-10.050023992655984,10.050023992655984,19.426548747696092
142,9,54,0,4,2.0,-8.772106060200445,-9.543520230849133,9.543520230849133,18.315626291049576
143,9,57,0,4,2.0,-10.41460150162717,-10.793723017200206,10.793723017200206,21.208324518827375
144,9,80,0,4,2.0,-8.616583278538153,-9.301545860894912,9.301545860894912,17.918129139433063
145,9,87,0,4,2.0,-10.257763673674573,-10.634402775787589,10.634402775787589,20.89216644946216
146,9,110,0,4,2.0,-10.028849814760186,-10.574551370955316,10.574551370955316,20.6034011857155
147,9,116,0,4,2.0,-10.081202427874214,-10.81044324807669,10.81044324807669,20.891645675950905
148,9,133,0,4,2.0,-9.314799558261235,-9.92132140837384,9.92132140837384,19.236120966635077
149,9,153,0,4,2.0,-10.556869537111607,-10.932778847127718,10.932778847127718,21.489648384239324
15,1,3,0,4,2.0,-9.62007798682162,-10.39861230450489,10.39861230450489,20.01869029132651
150,-1,-1,1,4,2.0,-12.0,-13.503178576287867,13.503178576287867,25.503178576287866
16,1,6,0,4,2.0,-8.617247882909416,-9.175003026031902,9.175003026031902,17.79225090894132
17,1,8,0,4,2.0,-9.45015391424359,-9.950714556524613,9.950714556524613,19.400868470768202
18,1,14,0,4,2.0,-10.158977686386324,-10.899284876268968,10.899284876268968,21.058262562655294
19,1,23,0,4,2.0,-9.712790265140208,-10.358139388440115,10.358139388440115,20.070929653580322
2,0,34,0,4,2.0,-8.248736885640078,-8.739230495450485,8.739230495450485,16.987967381090563
20,1,24,0,4,2.0,-9.330628780286323,-9.740389509996264,9.740389509996264,19.071018290282588
21,1,40,0,4,2.0,-8.79395845710338,-9.598549421862872,9.598549421862872,18.392507878966253
22,1,59,0,4,2.0,-9.10501952791954,-9.683505614778133,9.683505614778133,18.788525142697672
23,1,67,0,4,2.0,-9.133012580064594,-9.65633240806374,9.65633240806374,18.789344988128335
24,1,70,0,4,2.0,-8.699366674275316,-9.180469717098756,9.180469717098756,17.87983639137407
25,1,72,0,4,2.0,-9.405521749010022,-10.359552322385344,10.359552322385344,19.765074071395368
26,1,77,0,4,2.0,-8.954440120705426,-9.804149718289544,9.804149718289544,18.758589838994972
27,1,78,0,4,2.0,-9.684568963857174,-10.260746554894924,10.260746554894924,19.945315518752096
28,1,99,0,4,2.0,-9.945588273696242,-10.550309387683422,10.550309387683422,20.495897661379665
29,1,102,0,4,2.0,-9.885892689067376,-10.905849187865924,10.905849187865924,20.7917418769333
3,0,37,0,4,2.0,-8.098261017930467,-8.147220910902615,8.147220910902615,16.24548192883308
30,2,5,0,4,2.0,-9.133566291609792,-9.869953525839236,9.869953525839236,19.00351981744903
31,2,16,0,4,2.0,-8.032816964237657,-8.761369317173394,8.761369317173394,16.79418628141105
32,2,25,0,4,2.0,-8.292921627513856,-8.305591411270152,8.305591411270152,16.598513038784006
33,2,28,0,4,2.0,-8.592764421961633,-8.809140091129583,8.809140091129583,17.401904513091218
34,2,76,0,4,2.0,-8.534529396826152,-8.780130583857664,8.780130583857664,17.314659980683814
35,2,82,0,4,2.0,-8.335275880657221,-9.111425099978115,9.111425099978115,17.446700980635335
36,2,109,0,4,2.0,-9.729449930681737,-10.3277188084334,10.3277188084334,20.057168739115134
37,2,117,0,4,2.0,-8.120121834474402,-8.819788385140376,8.819788385140376,16.939910219614777
38,2,120,0,4,2.0,-8.44000579260919,-8.425331744667767,8.425331744667767,16.865337537276957
39,2,122,0,4,2.0,-9.98877112660188,-10.588313158425263,10.588313158425263,20.577084285027144
4,0,51,0,4,2.0,-8.166920773640811,-8.237353280877434,8.237353280877434,16.404274054518247
40,2,143,0,4,2.0,-10.09683871267905,-10.88988355441271,10.88988355441271,20.98672226709176
41,2,159,0,4,2.0,-8.530729734479737,-9.246526444333094,9.246526444333094,17.77725617881283
42,2,161,0,4,2.0,-8.044893500139034,-8.06597618597307,8.06597618597307,16.110869686112103
43,2,171,0,4,2.0,-8.232869098201776,-8.924590579337645,8.924590579337645,17.15745967753942
44,2,178,0,4,2.0,-7.940740546385005,-8.224631424598957,8.224631424598957,16.165371970983962
45,3,7,0,4,2.0,-8.305828002740089,-8.82244446989608,8.82244446989608,17.12827247263617
46,3,10,0,4,2.0,-9.08493602309965,-9.868518707391296,9.868518707391296,18.953454730490947
47,3,12,0,4,2.0,-8.396781471071343,-8.67481403539443,8.67481403539443,17.071595506465773
48,3,27,0,4,2.0,-8.179423233815607,-8.743668051913252,8.743668051913252,16.92309128572886
49,3,30,0,4,2.0,-8.669889349554136,-9.06338668921334,9.06338668921334,17.733276038767478
5,0,56,0,4,2.0,-8.498510955783898,-8.277547704326514,8.277547704326514,16.77605866011041
50,3,44,0,4,2.0,-8.908238494279566,-9.544345493345674,9.544345493345674,18.45258398762524
51,3,49,0,4,2.0,-8.226073605352262,-8.4542086857396,8.4542086857396,16.680282291091864
52,3,50,0,4,2.0,-9.049531935860552,-9.328251763135134,9.328251763135134,18.377783698995685
53,3,74,0,4,2.0,-9.00768844591321,-9.693238894882905,9.693238894882905,18.700927340796113
54,3,86,0,4,2.0,-9.124233990413869,-10.094214361523944,10.094214361523944,19.218448351937813
55,3,98,0,4,2.0,-9.181411054794976,-9.716651607093592,9.716651607093592,18.898062661888567
56,3,107,0,4,2.0,-7.902247139531043,-9.185618574736962,9.185618574736962,17.087865714268005
57,3,111,0,4,2.0,-8.1367465135955,-8.544569139022972,8.544569139022972,16.681315652618473
58,3,130,0,4,2.0,-9.2966277115116,-10.053598646136964,10.053598646136964,19.350226357648566
59,3,135,0,4,2.0,-8.416302094304994,-9.006547997095234,9.006547997095234,17.422850091400228
6,0,63,0,4,2.0,-8.20357194509049,-8.642400661498474,8.642400661498474,16.845972606588965
60,4,2,0,4,2.0,-8.634728728487648,-8.375489929197386,8.375489929197386,17.010218657685034
61,4,9,0,4,2.0,-9.536488024322116,-10.21180777846414,10.21180777846414,19.748295802786256
62,4,20,0,4,2.0,-9.323726333556031,-9.836695056684585,9.836695056684585,19.160421390240614
63,4,26,0,4,2.0,-9.580976369682023,-10.36481911069226,10.36481911069226,19.945795480374283
64,4,53,0,4,2.0,-10.479995165044112,-10.854949939420248,10.854949939420248,21.33494510446436
65,4,58,0,4,2.0,-9.261803577319805,-9.630533055808511,9.630533055808511,18.892336633128316
66,4,60,0,4,2.0,-9.132591067742752,-9.594347026879134,9.594347026879134,18.726938094621886
67,4,61,0,4,2.0,-9.668748004242772,-9.88880687598053,9.88880687598053,19.5575548802233
68,4,64,0,4,2.0,-8.320197245179155,-9.0127693415586,9.0127693415586,17.332966586737754
69,4,89,0,4,2.0,-9.25796724093403,-9.236526074507283,9.236526074507283,18.494493315441314
7,0,68,0,4,2.0,-10.340028331532933,-9.995619852421235,9.995619852421235,20.33564818395417
70,4,92,0,4,2.0,-9.982989799866338,-10.605565431751868,10.605565431751868,20.58855523161821
71,4,115,0,4,2.0,-10.753182526687414,-11.48700245446376,11.48700245446376,22.240184981151174
72,4,127,0,4,2.0,-8.426456963911164,-9.287215699273514,9.287215699273514,17.713672663184678
73,4,131,0,4,2.0,-10.33511658697426,-10.792230410752389,10.792230410752389,21.127346997726647
74,4,139,0,4,2.0,-10.080038107941506,-10.70808237193133,10.70808237193133,20.788120479872838
75,5,0,0,4,2.0,-8.525072957857521,-8.915832712087251,8.915832712087251,17.440905669944772
76,5,11,0,4,2.0,-8.98939122735093,-9.787966618092032,9.787966618092032,18.777357845442964
77,5,35,0,4,2.0,-8.82972880740841,-9.110335283456596,9.110335283456596,17.940064090865008
78,5,47,0,4,2.0,-8.501285690007775,-8.868693853644604,8.868693853644604,17.369979543652377
79,5,65,0,4,2.0,-8.768089757501977,-9.189479709105742,9.189479709105742,17.95756946660772
8,0,69,0,4,2.0,-9.44611576285546,-10.069776849154817,10.069776849154817,19.515892612010276
80,5,100,0,4,2.0,-10.566251999279002,-11.030617176288263,11.030617176288263,21.596869175567264
81,5,132,0,4,2.0,-9.065019169876551,-9.727936975951266,9.727936975951266,18.792956145827816
82,5,138,0,4,2.0,-8.50914937085914,-8.675982134157627,8.675982134157627,17.185131505016766
83,5,145,0,4,2.0,-8.694267826443753,-8.670774739272229,8.670774739272229,17.36504256571598
84,5,173,0,4,2.0,-8.722089665114366,-8.946026402851832,8.946026402851832,17.668116067966196
85,5,175,0,4,2.0,-8.40612644865331,-8.948491280697022,8.948491280697022,17.35461772935033
86,5,182,0,4,2.0,-8.610821151547777,-9.01492773293189,9.01492773293189,17.625748884479666
87,5,191,0,4,2.0,-8.923570819752237,-9.09416745696919,9.09416745696919,18.017738276721428
88,5,219,0,4,2.0,-9.051925525604478,-9.534050547404895,9.534050547404895,18.585976073009373
89,5,236,0,4,2.0,-9.687116393910898,-10.085970851209002,10.085970851209002,19.7730872451199
9,0,75,0,4,2.0,-8.58494379322891,-9.254438526947428,9.254438526947428,17.839382320176338
90,6,13,0,4,2.0,-9.383216378241762,-9.84483571692022,9.84483571692022,19.228052095161985
91,6,18,0,4,2.0,-9.491981162874064,-10.152950267505249,10.152950267505249,19.644931430379312
92,6,32,0,4,2.0,-8.820918024475672,-9.685641976147568,9.685641976147568,18.50656000062324
93,6,36,0,4,2.0,-8.869993702090373,-9.574425303885423,9.574425303885423,18.444419005975796
94,6,39,0,4,2.0,-9.304325235701045,-10.118584507727494,10.118584507727494,19.42290974342854
95,6,62,0,4,2.0,-9.216272967493724,-9.777734104351795,9.777734104351795,18.99400707184552
96,6,66,0,4,2.0,-9.81882226684354,-10.235566261600496,10.235566261600496,20.054388528444036
97,6,73,0,4,2.0,-9.227231052227918,-9.760997562393454,9.760997562393454,18.98822861462137
98,6,83,0,4,2.0,-8.910899724864665,-9.449013652652567,9.449013652652567,18.35991337751723
99,6,90,0,4,2.0,-9.238829113670397,-9.89875503309027,9.89875503309027,19.137584146760666
0,0,1,0,5,2.0,-14.745994912174051,-15.828406458157168,15.828406458157168,30.57440137033122
1,0,21,0,5,2.0,-14.391481397308704,-15.88538155016452,15.88538155016452,30.276862947473226
10,0,81,0,5,2.0,-15.008495471012598,-16.348115386850544,16.348115386850544,31.356610857863142
100,6,93,0,5,2.0,-13.950739966560285,-15.351814615094767,15.351814615094767,29.302554581655052
101,6,106,0,5,2.0,-13.98707754627146,-15.420447725936585,15.420447725936585,29.407525272208044
102,6,126,0,5,2.0,-14.008596596511657,-15.627225610794044,15.627225610794044,29.6358222073057
103,6,129,0,5,2.0,-13.96768207153795,-15.292640126032572,15.292640126032572,29.260322197570524
104,6,147,0,5,2.0,-14.30453457228652,-16.211329821047954,16.211329821047954,30.515864393334475
105,7,15,0,5,2.0,-16.0816340299371,-17.13976561781882,17.13976561781882,33.221399647755916
106,7,29,0,5,2.0,-16.525998636967405,-17.329182814266858,17.329182814266858,33.85518145123426
107,7,38,0,5,2.0,-14.299790510165124,-15.654143562041671,15.654143562041671,29.953934072206795
108,7,42,0,5,2.0,-15.8660109745253,-17.888248366341923,17.888248366341923,33.75425934086722
109,7,52,0,5,2.0,-15.523376909468473,-16.98569529203626,16.98569529203626,32.509072201504736
11,0,88,0,5,2.0,-15.355253217836372,-16.25716154087594,16.25716154087594,31.612414758712312
110,7,71,0,5,2.0,-16.60495195645809,-17.65052033950225,17.65052033950225,34.255472295960345
111,7,79,0,5,2.0,-15.664296468071282,-16.74325797093378,16.74325797093378,32.40755443900506
112,7,84,0,5,2.0,-15.596001706212276,-18.482728402894523,18.482728402894523,34.0787301091068
113,7,91,0,5,2.0,-16.04890642012606,-16.841639394958555,16.841639394958555,32.890545815084614
114,7,96,0,5,2.0,-16.759950927797334,-18.101661249531148,18.101661249531148,34.86161217732848
115,7,101,0,5,2.0,-15.263992641767132,-16.60756131736849,16.60756131736849,31.87155395913562
116,7,103,0,5,2.0,-15.516260802325576,-16.67541907571101,16.67541907571101,32.19167987803658
117,7,123,0,5,2.0,-16.168253425299483,-17.239500498950576,17.239500498950576,33.40775392425006
118,7,140,0,5,2.0,-14.74267284007982,-15.810394176592718,15.810394176592718,30.553067016672536
119,7,141,0,5,2.0,-15.962394144269991,-16.399714108916193,16.399714108916193,32.362108253186186
12,0,95,0,5,2.0,-14.525888973023,-15.80252851468117,15.80252851468117,30.32841748770417
120,8,17,0,5,2.0,-15.756780825852594,-16.908057453635788,16.908057453635788,32.66483827948838
121,8,31,0,5,2.0,-15.46260956986846,-16.27711175413256,16.27711175413256,31.739721324001017
122,8,41,0,5,2.0,-14.99819596448006,-16.512542317470164,16.512542317470164,31.510738281950225
123,8,46,0,5,2.0,-13.469190007864228,-15.149881992480086,15.149881992480086,28.619072000344314
124,8,55,0,5,2.0,-14.269693780908272,-15.464439538674169,15.464439538674169,29.73413331958244
125,8,85,0,5,2.0,-15.281845472056933,-17.010336658098566,17.010336658098566,32.292182130155496
126,8,94,0,5,2.0,-14.07485115066316,-16.295156487707523,16.295156487707523,30.370007638370684
127,8,97,0,5,2.0,-14.656998184095974,-16.117573842844614,16.117573842844614,30.77457202694059
128,8,125,0,5,2.0,-14.768407838142874,-16.265983669171725,16.265983669171725,31.0343915073146
129,8,137,0,5,2.0,-16.796540138802182,-18.52258671273472,18.52258671273472,35.31912685153691
13,0,108,0,5,2.0,-15.598664675408708,-15.889809288785262,15.889809288785262,31.48847396419397
130,8,144,0,5,2.0,-14.255881504260165,-15.342689221353568,15.342689221353568,29.598570725613733
131,8,146,0,5,2.0,-13.864386549347534,-15.642459707239,15.642459707239,29.506846256586535
134,8,197,0,5,2.0,-15.283096086782887,-16.387466725201026,16.387466725201026,31.670562811983913
135,9,4,0,5,2.0,-15.054376953986944,-16.004230609079066,16.004230609079066,31.058607563066012
136,9,19,0,5,2.0,-15.87666114250712,-16.935412389175518,16.935412389175518,32.812073531682636
137,9,22,0,5,2.0,-16.188050030946744,-17.280006442313766,17.280006442313766,33.46805647326051
138,9,33,0,5,2.0,-17.389059270403077,-18.080115010613284,18.080115010613284,35.469174281016365
139,9,43,0,5,2.0,-15.71293792138936,-17.320403855751017,17.320403855751017,33.03334177714038
14,0,114,0,5,2.0,-13.876299364040715,-14.48788974570983,14.48788974570983,28.364189109750548
140,9,45,0,5,2.0,-15.627960579704943,-16.920974725319436,16.920974725319436,32.54893530502438
141,9,48,0,5,2.0,-15.033772644788868,-16.287202066256015,16.287202066256015,31.320974711044883
142,9,54,0,5,2.0,-16.25439186228397,-17.493629405668848,17.493629405668848,33.74802126795282
143,9,57,0,5,2.0,-15.28017607966754,-16.33038981265859,16.33038981265859,31.61056589232613
144,9,80,0,5,2.0,-14.356778605080995,-15.574600117467662,15.574600117467662,29.931378722548658
145,9,87,0,5,2.0,-15.693124869757026,-17.25999927362201,17.25999927362201,32.953124143379036
146,9,110,0,5,2.0,-15.719759545422503,-16.886529754958666,16.886529754958666,32.60628930038117
147,9,116,0,5,2.0,-14.139301789575692,-15.675509312658177,15.675509312658177,29.814811102233868
148,9,133,0,5,2.0,-16.141856864445632,-17.274240193249057,17.274240193249057,33.416097057694685
149,9,153,0,5,2.0,-15.19711798005849,-16.202612849628796,16.202612849628796,31.399730829687286
15,1,3,0,5,2.0,-16.80003083207456,-17.918607710794458,17.918607710794458,34.718638542869016
150,-1,-1,1,5,2.0,-20.0,-22.26674543656957,22.26674543656957,42.266745436569565
16,1,6,0,5,2.0,-18.291475237482576,-20.229752602903535,20.229752602903535,38.52122784038611
17,1,8,0,5,2.0,-19.581144197333675,-21.31444529000848,21.31444529000848,40.89558948734215
18,1,14,0,5,2.0,-19.816768007820027,-21.551223959012443,21.551223959012443,41.36799196683247
19,1,23,0,5,2.0,-16.743949578489456,-17.92270849423593,17.92270849423593,34.66665807272538
2,0,34,0,5,2.0,-15.034601876773024,-16.289943732673247,16.289943732673247,31.32454560944627
20,1,24,0,5,2.0,-14.315805974154308,-15.828897168567805,15.828897168567805,30.144703142722115
21,1,40,0,5,2.0,-18.821376565752846,-20.59295254080602,20.59295254080602,39.41432910655887
22,1,59,0,5,2.0,-16.078558522096102,-17.442991044121488,17.442991044121488,33.52154956621759
23,1,67,0,5,2.0,-16.888845765337784,-18.38421191579265,18.38421191579265,35.27305768113044
24,1,70,0,5,2.0,-15.58823349030342,-17.09865506295985,17.09865506295985,32.68688855326327
25,1,72,0,5,2.0,-20.13213573776064,-21.85113210147957,21.85113210147957,41.98326783924021
26,1,77,0,5,2.0,-16.72858862506519,-17.956204533159568,17.956204533159568,34.68479315822476
27,1,78,0,5,2.0,-16.132162024343415,-17.58127271323474,17.58127271323474,33.713434737578154
28,1,99,0,5,2.0,-16.765696711755258,-18.30281785152395,18.30281785152395,35.06851456327921
29,1,102,0,5,2.0,-20.520640016154093,-22.21862850203012,22.21862850203012,42.73926851818422
3,0,37,0,5,2.0,-15.877895302500256,-17.101636188091057,17.101636188091057,32.97953149059131
30,2,5,0,5,2.0,-15.549560562490916,-16.873190036778702,16.873190036778702,32.42275059926962
31,2,16,0,5,2.0,-13.57588644687861,-15.018732882318774,15.018732882318774,28.594619329197386
32,2,25,0,5,2.0,-13.746285730725502,-15.105711824656156,15.105711824656156,28.851997555381658
33,2,28,0,5,2.0,-15.537249361398874,-17.003189161031333,17.003189161031333,32.54043852243021
34,2,76,0,5,2.0,-13.015076888375503,-14.253229515256088,14.253229515256088,27.26830640363159
35,2,82,0,5,2.0,-14.774223984393435,-16.456892259041226,16.456892259041226,31.231116243434663
36,2,109,0,5,2.0,-14.921953150870422,-16.573639159378263,16.573639159378263,31.495592310248686
37,2,117,0,5,2.0,-14.802620608823354,-16.68087940522175,16.68087940522175,31.483500014045102
38,2,120,0,5,2.0,-15.803287820611509,-16.913029563107433,16.913029563107433,32.716317383718945
39,2,122,0,5,2.0,-15.303448867640626,-16.206337335574908,16.206337335574908,31.509786203215533
4,0,51,0,5,2.0,-14.994502952159351,-16.006744782154293,16.006744782154293,31.001247734313644
40,2,143,0,5,2.0,-14.921617485191955,-16.134977396108603,16.134977396108603,31.05659488130056
41,2,159,0,5,2.0,-16.06984364191544,-17.07686350470245,17.07686350470245,33.14670714661789
42,2,161,0,5,2.0,-14.299355098262804,-15.761532775382104,15.761532775382104,30.06088787364491
43,2,171,0,5,2.0,-15.721081054227094,-17.31600569407236,17.31600569407236,33.03708674829945
44,2,178,0,5,2.0,-14.620881667813077,-15.215815709600358,15.215815709600358,29.836697377413437
45,3,7,0,5,2.0,-14.139602291600458,-15.889420556776033,15.889420556776033,30.029022848376492
46,3,10,0,5,2.0,-14.621045114486746,-16.136770072897253,16.136770072897253,30.757815187383997
47,3,12,0,5,2.0,-13.293091683626136,-15.184829325340754,15.184829325340754,28.477921008966888
48,3,27,0,5,2.0,-15.08468988163968,-16.41329763829185,16.41329763829185,31.49798751993153
49,3,30,0,5,2.0,-14.791948532628323,-15.829665495317494,15.829665495317494,30.621614027945817
5,0,56,0,5,2.0,-14.969912577814563,-16.277119948852583,16.277119948852583,31.247032526667148
50,3,44,0,5,2.0,-16.13655929825507,-17.37633217657625,17.37633217657625,33.51289147483132
51,3,49,0,5,2.0,-14.702131662098084,-16.635797217700315,16.635797217700315,31.337928879798397
52,3,50,0,5,2.0,-14.10040794521588,-15.51148567355212,15.51148567355212,29.611893618768
53,3,74,0,5,2.0,-14.063025941649936,-15.85552426632502,15.85552426632502,29.918550207974956
54,3,86,0,5,2.0,-16.461216695268472,-17.323945570211084,17.323945570211084,33.785162265479556
55,3,98,0,5,2.0,-13.773336585352878,-15.218703015324389,15.218703015324389,28.992039600677266
56,3,107,0,5,2.0,-13.95775266523376,-15.92849187157282,15.92849187157282,29.88624453680658
57,3,111,0,5,2.0,-14.895159795969814,-16.2830860594417,16.2830860594417,31.178245855411514
58,3,130,0,5,2.0,-14.03098173195392,-15.98947485321798,15.98947485321798,30.0204565851719
59,3,135,0,5,2.0,-12.716062215510584,-15.15008808427148,15.15008808427148,27.866150299782063
6,0,63,0,5,2.0,-14.98828083251104,-16.4420462216155,16.4420462216155,31.430327054126536
60,4,2,0,5,2.0,-14.6886906895083,-15.452003110159804,15.452003110159804,30.140693799668107
61,4,9,0,5,2.0,-14.614145321137048,-15.424487857420074,15.424487857420074,30.03863317855712
62,4,20,0,5,2.0,-15.301304413989302,-17.160346436993493,17.160346436993493,32.46165085098279
63,4,26,0,5,2.0,-16.186567621396843,-17.046935592135522,17.046935592135522,33.233503213532366
64,4,53,0,5,2.0,-14.857989442866828,-16.288826311393837,16.288826311393837,31.146815754260665
65,4,58,0,5,2.0,-15.069502122883994,-15.959963082128615,15.959963082128615,31.02946520501261
66,4,60,0,5,2.0,-14.239315672076716,-14.77113807507642,14.77113807507642,29.010453747153136
67,4,61,0,5,2.0,-16.05957058246579,-17.031945400916122,17.031945400916122,33.09151598338191
68,4,64,0,5,2.0,-14.383555132812416,-15.700795217627068,15.700795217627068,30.084350350439486
69,4,89,0,5,2.0,-14.32566409609565,-16.092442870530274,16.092442870530274,30.418106966625924
7,0,68,0,5,2.0,-14.52698011540996,-14.571024804234025,14.571024804234025,29.098004919643984
70,4,92,0,5,2.0,-14.874525371202852,-16.05878623106215,16.05878623106215,30.933311602265
71,4,115,0,5,2.0,-15.840175911339571,-17.191712746976712,17.191712746976712,33.031888658316284
72,4,127,0,5,2.0,-14.972528066967618,-16.1717765863789,16.1717765863789,31.144304653346516
73,4,131,0,5,2.0,-14.41282128035236,-15.974506469841726,15.974506469841726,30.387327750194085
74,4,139,0,5,2.0,-14.54685649672638,-16.025646558506608,16.025646558506608,30.572503055232986
75,5,0,0,5,2.0,-13.682561211218502,-14.241445905585628,14.241445905585628,27.92400711680413
76,5,11,0,5,2.0,-18.3864298058127,-19.360147037831155,19.360147037831155,37.74657684364385
77,5,35,0,5,2.0,-15.420355052787995,-16.605283681131294,16.605283681131294,32.02563873391929
78,5,47,0,5,2.0,-15.295237437012185,-16.19483425156433,16.19483425156433,31.490071688576514
79,5,65,0,5,2.0,-16.16433102914763,-17.22082804277556,17.22082804277556,33.385159071923184
8,0,69,0,5,2.0,-14.85001408818282,-15.932850475688715,15.932850475688715,30.782864563871534
80,5,100,0,5,2.0,-15.368497247483312,-16.448169544353846,16.448169544353846,31.816666791837157
81,5,132,0,5,2.0,-16.590146474797212,-18.67710243145828,18.67710243145828,35.26724890625549
82,5,138,0,5,2.0,-14.931898476912416,-16.65819866383906,16.65819866383906,31.590097140751475
83,5,145,0,5,2.0,-16.74778369386323,-17.751591373654847,17.751591373654847,34.49937506751807
84,5,173,0,5,2.0,-15.904273861398025,-16.924001982508265,16.924001982508265,32.82827584390629
85,5,175,0,5,2.0,-15.267845695071763,-16.277728694221867,16.277728694221867,31.54557438929363
86,5,182,0,5,2.0,-13.870081605241438,-14.905216046796651,14.905216046796651,28.77529765203809
87,5,191,0,5,2.0,-16.676525875962287,-17.545479216427417,17.545479216427417,34.22200509238971
88,5,219,0,5,2.0,-13.215327880346994,-14.59684174228076,14.59684174228076,27.812169622627756
89,5,236,0,5,2.0,-15.181700725485204,-16.845150926818306,16.845150926818306,32.026851652303506
9,0,75,0,5,2.0,-16.06347302134264,-17.418732369501388,17.418732369501388,33.48220539084403
90,6,13,0,5,2.0,-14.898112510933696,-16.55161937371431,16.55161937371431,31.449731884648006
91,6,18,0,5,2.0,-14.369451118406252,-16.132900033685562,16.132900033685562,30.502351152091812
92,6,32,0,5,2.0,-15.115616686584238,-16.3139974357934,16.3139974357934,31.429614122377636
93,6,36,0,5,2.0,-15.877047551174607,-17.55258116049915,17.55258116049915,33.42962871167376
94,6,39,0,5,2.0,-15.11918412768654,-15.933122768286289,15.933122768286289,31.052306895972826
95,6,62,0,5,2.0,-14.006543298674297,-15.164982350724005,15.164982350724005,29.1715256493983
96,6,66,0,5,2.0,-14.81223374833808,-16.315317344120775,16.315317344120775,31.127551092458855
97,6,73,0,5,2.0,-13.68194579349088,-15.047940707520754,15.047940707520754,28.729886501011634
98,6,83,0,5,2.0,-14.27538135404695,-15.6605257167928,15.6605257167928,29.935907070839747
99,6,90,0,5,2.0,-14.442309638729776,-15.4765361925438,15.4765361925438,29.91884583127358
0,0,1,0,6,2.0,-23.40954545008908,-23.401794789824887,23.401794789824887,46.81134023991397
1,0,21,0,6,2.0,-24.803753970344097,-26.14216293355123,26.14216293355123,50.94591690389532
100,6,93,0,6,2.0,-22.53434378194493,-25.061938439863702,25.061938439863702,47.596282221808636
101,6,106,0,6,2.0,-22.11133122945724,-24.15639931666034,24.15639931666034,46.267730546117576
102,6,126,0,6,2.0,-22.99163590015281,-24.905301799211788,24.905301799211788,47.8969376993646
103,6,129,0,6,2.0,-24.52107322954076,-26.97518716126704,26.97518716126704,51.496260390807805
104,6,147,0,6,2.0,-23.07362486477273,-25.49441223384464,25.49441223384464,48.56803709861737
105,7,15,0,6,2.0,-23.99870711190322,-25.60270147088436,25.60270147088436,49.60140858278758
106,7,29,0,6,2.0,-25.94146835874481,-27.976734204590148,27.976734204590148,53.91820256333496
107,7,38,0,6,2.0,-22.061103243256085,-23.77986871956716,23.77986871956716,45.84097196282325
108,7,42,0,6,2.0,-24.040696378694115,-26.09867793146959,26.09867793146959,50.1393743101637
109,7,52,0,6,2.0,-24.359997778765813,-25.823298703161186,25.823298703161186,50.183296481927
11,0,88,0,6,2.0,-24.164081210753505,-25.62178704477657,25.62178704477657,49.785868255530076
110,7,71,0,6,2.0,-23.26189957665574,-25.678250190034912,25.678250190034912,48.94014976669065
111,7,79,0,6,2.0,-23.121097830536307,-24.324805778945606,24.324805778945606,47.44590360948192
112,7,84,0,6,2.0,-22.483457889655,-26.09060018277502,26.09060018277502,48.57405807243002
113,7,91,0,6,2.0,-22.76344191800808,-24.661843880679,24.661843880679,47.425285798687085
114,7,96,0,6,2.0,-22.963473614712832,-25.23266493070089,25.23266493070089,48.19613854541372
115,7,101,0,6,2.0,-23.21119978768404,-25.67295460782634,25.67295460782634,48.88415439551038
116,7,103,0,6,2.0,-24.33641518894317,-25.883673078580703,25.883673078580703,50.22008826752388
117,7,123,0,6,2.0,-23.21208605301284,-25.42234769220013,25.42234769220013,48.634433745212974
118,7,140,0,6,2.0,-27.6824088385126,-29.76502681604683,29.76502681604683,57.44743565455943
119,7,141,0,6,2.0,-24.340845799434486,-25.76366124942931,25.76366124942931,50.104507048863795
12,0,95,0,6,2.0,-21.346706034211447,-22.607856962338666,22.607856962338666,43.95456299655011
120,8,17,0,6,2.0,-22.067542510634343,-23.831658252713257,23.831658252713257,45.8992007633476
121,8,31,0,6,2.0,-22.56022935330968,-24.548999259598038,24.548999259598038,47.109228612907714
122,8,41,0,6,2.0,-23.8394090960273,-25.88637355978139,25.88637355978139,49.725782655808686
123,8,46,0,6,2.0,-22.177900512222188,-25.1511667924722,25.1511667924722,47.32906730469439
124,8,55,0,6,2.0,-22.73443787755376,-25.08293856046052,25.08293856046052,47.81737643801428
125,8,85,0,6,2.0,-23.43009306794506,-25.059962040540587,25.059962040540587,48.49005510848565
126,8,94,0,6,2.0,-22.146680910819573,-24.155400101247054,24.155400101247054,46.30208101206662
127,8,97,0,6,2.0,-24.481824555414956,-26.41884607360748,26.41884607360748,50.900670629022436
128,8,125,0,6,2.0,-24.878651813929377,-26.833480315566284,26.833480315566284,51.71213212949566
129,8,137,0,6,2.0,-23.17954373224944,-25.53217040998712,25.53217040998712,48.71171414223656
13,0,108,0,6,2.0,-25.21896296307695,-26.43063014774116,26.43063014774116,51.64959311081811
130,8,144,0,6,2.0,-22.453053202633747,-24.646619666411297,24.646619666411297,47.099672869045044
131,8,146,0,6,2.0,-23.18788964135305,-24.58507891974964,24.58507891974964,47.77296856110269
132,8,160,0,6,2.0,-23.835699675351464,-26.251531487681756,26.251531487681756,50.08723116303322
133,8,188,0,6,2.0,-21.58697351080472,-24.057372927494605,24.057372927494605,45.64434643829932
134,8,197,0,6,2.0,-21.55846516277125,-23.086579667075487,23.086579667075487,44.64504482984674
135,9,4,0,6,2.0,-22.42749024651238,-24.69949101565046,24.69949101565046,47.12698126216284
136,9,19,0,6,2.0,-23.712905770483108,-25.937698144744274,25.937698144744274,49.65060391522738
137,9,22,0,6,2.0,-24.304723498467517,-26.665118163206365,26.665118163206365,50.96984166167388
138,9,33,0,6,2.0,-24.04125498507764,-25.39231273271809,25.39231273271809,49.433567717795725
139,9,43,0,6,2.0,-24.990612901742647,-27.14077632442833,27.14077632442833,52.13138922617098
14,0,114,0,6,2.0,-23.317812466333848,-24.38783705170968,24.38783705170968,47.70564951804353
141,9,48,0,6,2.0,-25.917431616453257,-28.062013512267484,28.062013512267484,53.97944512872074
142,9,54,0,6,2.0,-22.096675741892422,-24.045963954741463,24.045963954741463,46.142639696633886
143,9,57,0,6,2.0,-22.881364340616,-25.28328893146533,25.28328893146533,48.164653272081324
144,9,80,0,6,2.0,-23.264082817918016,-25.06424477055697,25.06424477055697,48.32832758847499
145,9,87,0,6,2.0,-21.161400172823036,-23.737013651534856,23.737013651534856,44.89841382435789
146,9,110,0,6,2.0,-21.77081731067685,-23.95042286651748,23.95042286651748,45.72124017719433
147,9,116,0,6,2.0,-21.24704617579141,-23.80116327562364,23.80116327562364,45.04820945141505
148,9,133,0,6,2.0,-24.305579979332308,-25.84552948074893,25.84552948074893,50.15110946008124
149,9,153,0,6,2.0,-23.464857611053883,-25.721095505294617,25.721095505294617,49.1859531163485
15,1,3,0,6,2.0,-26.231760537283847,-28.12087340840189,28.12087340840189,54.35263394568574
150,-1,-1,1,6,2.0,-30.0,-33.21486510777956,33.21486510777956,63.21486510777956
16,1,6,0,6,2.0,-26.918626696352337,-29.23684439312903,29.23684439312903,56.15547108948137
17,1,8,0,6,2.0,-26.67308862672394,-29.06921669471837,29.06921669471837,55.74230532144231
18,1,14,0,6,2.0,-28.340856374753084,-30.39187347125932,30.39187347125932,58.732729846012404
19,1,23,0,6,2.0,-26.469890871443894,-28.260120566449068,28.260120566449068,54.73001143789296
2,0,34,0,6,2.0,-23.520240942272554,-25.74074788785471,25.74074788785471,49.26098883012726
20,1,24,0,6,2.0,-23.85116949000436,-25.986917895779648,25.986917895779648,49.83808738578401
21,1,40,0,6,2.0,-27.585622149478837,-29.916942256346115,29.916942256346115,57.502564405824955
22,1,59,0,6,2.0,-26.836071059778977,-28.93182548923384,28.93182548923384,55.76789654901282
23,1,67,0,6,2.0,-25.360040741812117,-27.62461643499099,27.62461643499099,52.98465717680311
24,1,70,0,6,2.0,-25.23805438898268,-27.731641124170977,27.731641124170977,52.96969551315365
25,1,72,0,6,2.0,-26.64596895300015,-28.792756539750886,28.792756539750886,55.43872549275103
26,1,77,0,6,2.0,-26.47958182147496,-29.018011158555417,29.018011158555417,55.497592980030376
27,1,78,0,6,2.0,-27.402781656061038,-29.63348832598562,29.63348832598562,57.03626998204666
28,1,99,0,6,2.0,-27.709497975050457,-29.91663067718357,29.91663067718357,57.62612865223403
29,1,102,0,6,2.0,-29.80854408228086,-31.89008123862485,31.89008123862485,61.698625320905705
3,0,37,0,6,2.0,-21.76179797859938,-23.867781608280115,23.867781608280115,45.629579586879494
31,2,16,0,6,2.0,-23.050975858692485,-24.408750193074933,24.408750193074933,47.45972605176742
32,2,25,0,6,2.0,-21.948304002838817,-23.0855150258813,23.0855150258813,45.03381902872012
33,2,28,0,6,2.0,-21.40916920493901,-25.61862993373221,25.61862993373221,47.02779913867121
34,2,76,0,6,2.0,-26.007218409103025,-27.53331959844832,27.53331959844832,53.54053800755135
35,2,82,0,6,2.0,-22.39995407692146,-24.161389932997075,24.161389932997075,46.561344009918535
36,2,109,0,6,2.0,-22.720677944145457,-24.851990964315476,24.851990964315476,47.57266890846093
37,2,117,0,6,2.0,-21.621608639636143,-23.374149407587765,23.374149407587765,44.99575804722391
38,2,120,0,6,2.0,-22.27384434812087,-24.22838311863488,24.22838311863488,46.502227466755755
39,2,122,0,6,2.0,-25.55436173053489,-27.258113591356647,27.258113591356647,52.81247532189154
4,0,51,0,6,2.0,-22.99245533785867,-24.130433413906932,24.130433413906932,47.1228887517656
40,2,143,0,6,2.0,-20.455486102039984,-22.718440497203677,22.718440497203677,43.17392659924366
41,2,159,0,6,2.0,-20.708951754166367,-23.910747527650088,23.910747527650088,44.61969928181645
42,2,161,0,6,2.0,-23.64736252415899,-25.17324178555535,25.17324178555535,48.82060430971434
44,2,178,0,6,2.0,-24.3784892769932,-25.91575704952979,25.91575704952979,50.294246326522995
45,3,7,0,6,2.0,-22.637250260969285,-24.78009201154372,24.78009201154372,47.417342272513004
46,3,10,0,6,2.0,-24.478007924437826,-25.8231217409801,25.8231217409801,50.301129665417925
47,3,12,0,6,2.0,-23.41732296693105,-25.911184885555905,25.911184885555905,49.32850785248695
49,3,30,0,6,2.0,-23.32217793945306,-25.707144625463805,25.707144625463805,49.02932256491687
5,0,56,0,6,2.0,-22.005065801974432,-22.776441806638243,22.776441806638243,44.78150760861267
50,3,44,0,6,2.0,-23.645469389967207,-26.111707860354528,26.111707860354528,49.75717725032173
51,3,49,0,6,2.0,-23.4016764802114,-25.18004329670472,25.18004329670472,48.58171977691612
52,3,50,0,6,2.0,-22.5490647634894,-25.10125150810872,25.10125150810872,47.65031627159812
53,3,74,0,6,2.0,-23.880202806757648,-26.19250267519644,26.19250267519644,50.07270548195409
54,3,86,0,6,2.0,-25.4509329534269,-27.34634058862528,27.34634058862528,52.79727354205218
55,3,98,0,6,2.0,-23.79071740394062,-26.396725503467028,26.396725503467028,50.18744290740764
56,3,107,0,6,2.0,-22.173120588862066,-23.78299944203816,23.78299944203816,45.95612003090022
58,3,130,0,6,2.0,-23.69296471814912,-25.991739838900244,25.991739838900244,49.684704557049365
59,3,135,0,6,2.0,-22.51782442950185,-24.778256277457864,24.778256277457864,47.296080706959714
6,0,63,0,6,2.0,-20.72955652297724,-22.96732337309317,22.96732337309317,43.69687989607041
60,4,2,0,6,2.0,-21.79101583275813,-23.95050192912273,23.95050192912273,45.74151776188086
61,4,9,0,6,2.0,-23.514328104619025,-25.25461618025908,25.25461618025908,48.7689442848781
62,4,20,0,6,2.0,-21.73118543977071,-23.92082731855229,23.92082731855229,45.652012758322996
63,4,26,0,6,2.0,-22.535930844565478,-25.425880201923068,25.425880201923068,47.96181104648855
64,4,53,0,6,2.0,-23.85593567651124,-26.64336595925083,26.64336595925083,50.499301635762066
65,4,58,0,6,2.0,-21.001754771011537,-23.78333158899664,23.78333158899664,44.78508636000818
66,4,60,0,6,2.0,-24.14271448909664,-26.11426066940367,26.11426066940367,50.25697515850031
67,4,61,0,6,2.0,-25.064405524494983,-27.035003966233845,27.035003966233845,52.09940949072883
68,4,64,0,6,2.0,-22.174990363387625,-23.839464150913685,23.839464150913685,46.014454514301306
69,4,89,0,6,2.0,-21.819582593674504,-23.804005370386104,23.804005370386104,45.623587964060604
7,0,68,0,6,2.0,-22.99618397810467,-23.65748841084652,23.65748841084652,46.65367238895119
70,4,92,0,6,2.0,-20.84944058909141,-24.601795357146077,24.601795357146077,45.45123594623749
71,4,115,0,6,2.0,-22.39035602449535,-24.30732995608916,24.30732995608916,46.69768598058451
72,4,127,0,6,2.0,-23.761171496827448,-25.76868030078433,25.76868030078433,49.52985179761178
73,4,131,0,6,2.0,-21.08710454300589,-23.293292525406248,23.293292525406248,44.38039706841214
74,4,139,0,6,2.0,-22.569665663178004,-23.86004269175868,23.86004269175868,46.42970835493668
75,5,0,0,6,2.0,-22.909407563893865,-24.92477433095169,24.92477433095169,47.83418189484556
76,5,11,0,6,2.0,-24.444851486448737,-25.246759214010662,25.246759214010662,49.6916107004594
77,5,35,0,6,2.0,-26.176479853851973,-27.973380965055075,27.973380965055075,54.149860818907044
78,5,47,0,6,2.0,-25.22321639833527,-26.228707251378754,26.228707251378754,51.451923649714026
79,5,65,0,6,2.0,-25.453562997450167,-28.10147385188697,28.10147385188697,53.555036849337135
8,0,69,0,6,2.0,-20.878383617126914,-23.34548515368921,23.34548515368921,44.223868770816125
80,5,100,0,6,2.0,-23.987600854610708,-26.10615628470913,26.10615628470913,50.093757139319834
81,5,132,0,6,2.0,-27.79953258087084,-29.770449104557223,29.770449104557223,57.56998168542806
82,5,138,0,6,2.0,-22.78752583975604,-24.511859086703595,24.511859086703595,47.29938492645964
83,5,145,0,6,2.0,-22.23677582418732,-24.47503038438951,24.47503038438951,46.71180620857683
84,5,173,0,6,2.0,-24.397007174367427,-25.51723103105701,25.51723103105701,49.91423820542444
85,5,175,0,6,2.0,-23.296276148880896,-25.651029174097854,25.651029174097854,48.94730532297875
86,5,182,0,6,2.0,-24.577400770830145,-26.229466176229245,26.229466176229245,50.80686694705939
87,5,191,0,6,2.0,-23.550745075445462,-25.475488480606582,25.475488480606582,49.02623355605205
88,5,219,0,6,2.0,-24.711383324783256,-26.647335046720304,26.647335046720304,51.35871837150356
89,5,236,0,6,2.0,-22.270592329351302,-24.02420427372266,24.02420427372266,46.29479660307396
9,0,75,0,6,2.0,-22.43519160197409,-24.104025546794976,24.104025546794976,46.53921714876907
90,6,13,0,6,2.0,-21.66032873695834,-23.69055887919647,23.69055887919647,45.35088761615481
91,6,18,0,6,2.0,-22.864401234482504,-25.11541180964027,25.11541180964027,47.97981304412278
92,6,32,0,6,2.0,-27.23767689478892,-28.90858090476413,28.90858090476413,56.14625779955305
93,6,36,0,6,2.0,-22.92460672758783,-25.03215306625731,25.03215306625731,47.95675979384514
94,6,39,0,6,2.0,-24.555092933419555,-26.95782510270797,26.95782510270797,51.51291803612753
95,6,62,0,6,2.0,-22.910618062545208,-24.96405559966049,24.96405559966049,47.874673662205694
96,6,66,0,6,2.0,-23.23406694741032,-25.64951058859491,25.64951058859491,48.883577536005234
97,6,73,0,6,2.0,-23.935357661215548,-26.044489652288515,26.044489652288515,49.97984731350407
98,6,83,0,6,2.0,-22.418803061565423,-24.9033165429957,24.9033165429957,47.322119604561124
99,6,90,0,6,2.0,-22.03209343972584,-23.951538708056656,23.951538708056656,45.9836321477825
0,0,1,0,7,2.0,-31.62044521792823,-34.23775670004801,34.23775670004801,65.85820191797623
1,0,21,0,7,2.0,-31.764618124422157,-33.75649181672831,33.75649181672831,65.52110994115046
10,0,81,0,7,2.0,-31.102071328275645,-33.629991680171294,33.629991680171294,64.73206300844694
100,6,93,0,7,2.0,-32.57543603560352,-36.09829330517199,36.09829330517199,68.67372934077551
101,6,106,0,7,2.0,-33.984705994896935,-35.86832309965098,35.86832309965098,69.8530290945479
102,6,126,0,7,2.0,-33.724669823506964,-36.91816392666849,36.91816392666849,70.64283375017546
103,6,129,0,7,2.0,-32.434845406744266,-35.16913061065521,35.16913061065521,67.60397601739948
104,6,147,0,7,2.0,-35.00728091106445,-37.8291437372459,37.8291437372459,72.83642464831036
105,7,15,0,7,2.0,-33.4430882235025,-35.17087633765798,35.17087633765798,68.61396456116049
106,7,29,0,7,2.0,-37.317880993151945,-40.89216508220321,40.89216508220321,78.21004607535517
107,7,38,0,7,2.0,-31.26187150565197,-34.26863622255652,34.26863622255652,65.53050772820849
108,7,42,0,7,2.0,-38.30476728628591,-41.56402432160916,41.56402432160916,79.86879160789508
109,7,52,0,7,2.0,-34.00930319582603,-36.64298843653969,36.64298843653969,70.65229163236572
11,0,88,0,7,2.0,-32.572235420034666,-34.0356423102745,34.0356423102745,66.60787773030916
110,7,71,0,7,2.0,-33.048162917498296,-35.28290893421645,35.28290893421645,68.33107185171474
114,7,96,0,7,2.0,-37.813840807053175,-40.48960243606357,40.48960243606357,78.30344324311675
115,7,101,0,7,2.0,-34.46594880167409,-36.71556594832396,36.71556594832396,71.18151474999806
116,7,103,0,7,2.0,-34.51270870140969,-37.046019664762,37.046019664762,71.55872836617169
117,7,123,0,7,2.0,-34.19151843500779,-36.55501164508382,36.55501164508382,70.74653008009162
118,7,140,0,7,2.0,-38.85036925692977,-39.03479439714433,39.03479439714433,77.88516365407409
119,7,141,0,7,2.0,-33.74322175200057,-36.618599865404114,36.618599865404114,70.36182161740469
12,0,95,0,7,2.0,-34.758822627671265,-37.594228228543045,37.594228228543045,72.35305085621431
120,8,17,0,7,2.0,-32.106532711396746,-34.28618441031536,34.28618441031536,66.39271712171211
121,8,31,0,7,2.0,-34.135436448276735,-36.87338784218331,36.87338784218331,71.00882429046004
122,8,41,0,7,2.0,-33.47069010610849,-35.976002425412155,35.976002425412155,69.44669253152065
123,8,46,0,7,2.0,-34.53481439201153,-37.65143242069557,37.65143242069557,72.18624681270711
124,8,55,0,7,2.0,-31.29414376413102,-33.87215423099474,33.87215423099474,65.16629799512576
125,8,85,0,7,2.0,-31.90768921000152,-34.3921332388184,34.3921332388184,66.29982244881992
126,8,94,0,7,2.0,-33.87675812416193,-37.12847022308805,37.12847022308805,71.00522834724998
127,8,97,0,7,2.0,-32.331812111960744,-34.56747488527866,34.56747488527866,66.89928699723941
128,8,125,0,7,2.0,-33.651490619515414,-36.08624626613137,36.08624626613137,69.73773688564678
129,8,137,0,7,2.0,-35.963978796672336,-38.77148725784673,38.77148725784673,74.73546605451907
13,0,108,0,7,2.0,-34.333581492360885,-36.002035357089504,36.002035357089504,70.33561684945039
131,8,146,0,7,2.0,-32.66690266796179,-35.39389007746764,35.39389007746764,68.06079274542944
132,8,160,0,7,2.0,-36.69231674176942,-39.56047853821868,39.56047853821868,76.2527952799881
133,8,188,0,7,2.0,-34.61138300720853,-35.49954206863447,35.49954206863447,70.110925075843
134,8,197,0,7,2.0,-33.53018648953291,-36.49083391271555,36.49083391271555,70.02102040224847
135,9,4,0,7,2.0,-31.73456204289547,-35.38182829363234,35.38182829363234,67.11639033652781
136,9,19,0,7,2.0,-34.89028058876435,-37.69824237026073,37.69824237026073,72.58852295902508
137,9,22,0,7,2.0,-34.79608208592734,-37.15942488614816,37.15942488614816,71.9555069720755
138,9,33,0,7,2.0,-34.53003171344536,-36.8364290108768,36.8364290108768,71.36646072432217
139,9,43,0,7,2.0,-34.94815639784857,-37.74683587045331,37.74683587045331,72.69499226830189
14,0,114,0,7,2.0,-32.5569826420312,-34.979740466199246,34.979740466199246,67.53672310823045
140,9,45,0,7,2.0,-32.617709709008274,-36.227463425245965,36.227463425245965,68.84517313425424
141,9,48,0,7,2.0,-36.51434426776675,-39.24092267016229,39.24092267016229,75.75526693792904
143,9,57,0,7,2.0,-34.717540242893385,-37.649986563823695,37.649986563823695,72.36752680671708
144,9,80,0,7,2.0,-32.60100633039764,-35.45807486546055,35.45807486546055,68.0590811958582
145,9,87,0,7,2.0,-31.94833110044389,-34.28651772982815,34.28651772982815,66.23484883027204
146,9,110,0,7,2.0,-34.632270023703526,-37.67163905424533,37.67163905424533,72.30390907794886
147,9,116,0,7,2.0,-33.3845380445099,-37.41701992158944,37.41701992158944,70.80155796609935
148,9,133,0,7,2.0,-35.51288445540898,-38.91201339860076,38.91201339860076,74.42489785400974
149,9,153,0,7,2.0,-35.20717855650216,-38.04247130213014,38.04247130213014,73.2496498586323
15,1,3,0,7,2.0,-37.66396210886974,-40.41535085151842,40.41535085151842,78.07931296038817
150,-1,-1,1,7,2.0,-42.0,-46.32864621774721,46.32864621774721,88.3286462177472
16,1,6,0,7,2.0,-40.61235120618711,-43.612878566236894,43.612878566236894,84.225229772424
17,1,8,0,7,2.0,-42.08486801775325,-45.338244082434144,45.338244082434144,87.4231121001874
18,1,14,0,7,2.0,-44.185305408318094,-47.39368272747284,47.39368272747284,91.57898813579094
19,1,23,0,7,2.0,-37.39426310711476,-38.945065423918585,38.945065423918585,76.33932853103335
2,0,34,0,7,2.0,-32.25637004904032,-35.62511821826433,35.62511821826433,67.88148826730466
20,1,24,0,7,2.0,-33.36445466378182,-36.78023463245044,36.78023463245044,70.14468929623226
21,1,40,0,7,2.0,-41.021688486038826,-44.49240314272702,44.49240314272702,85.51409162876584
22,1,59,0,7,2.0,-38.51393215103515,-41.641473438249065,41.641473438249065,80.15540558928421
23,1,67,0,7,2.0,-36.06764900006641,-39.57793405514508,39.57793405514508,75.64558305521149
24,1,70,0,7,2.0,-35.61212080205581,-39.11912903219468,39.11912903219468,74.73124983425049
25,1,72,0,7,2.0,-44.46231445206581,-47.68713218359393,47.68713218359393,92.14944663565974
26,1,77,0,7,2.0,-39.81910913824876,-42.750104551600565,42.750104551600565,82.56921368984933
27,1,78,0,7,2.0,-38.117297473471005,-40.78221275851092,40.78221275851092,78.89951023198194
28,1,99,0,7,2.0,-38.651777964853125,-41.80533870752591,41.80533870752591,80.45711667237904
29,1,102,0,7,2.0,-45.6563762848266,-48.84624245857925,48.84624245857925,94.50261874340585
3,0,37,0,7,2.0,-32.9176812498153,-35.750568114355616,35.750568114355616,68.66824936417092
30,2,5,0,7,2.0,-32.9467300456684,-35.52615115154508,35.52615115154508,68.47288119721348
31,2,16,0,7,2.0,-33.164694448612934,-36.1408548997089,36.1408548997089,69.30554934832183
32,2,25,0,7,2.0,-31.34479631772672,-33.925733937952856,33.925733937952856,65.27053025567957
33,2,28,0,7,2.0,-30.594035103977525,-32.27604594149071,32.27604594149071,62.87008104546823
34,2,76,0,7,2.0,-34.24547547888616,-36.3903264902695,36.3903264902695,70.63580196915566
35,2,82,0,7,2.0,-31.895909310087973,-34.49565959064635,34.49565959064635,66.39156890073431
36,2,109,0,7,2.0,-35.28122495252286,-37.48751345069021,37.48751345069021,72.76873840321306
37,2,117,0,7,2.0,-29.035174166565188,-32.025021943542214,32.025021943542214,61.0601961101074
38,2,120,0,7,2.0,-31.931016568579285,-33.54020965760462,33.54020965760462,65.4712262261839
39,2,122,0,7,2.0,-33.461146491402054,-35.887783272398686,35.887783272398686,69.34892976380074
4,0,51,0,7,2.0,-32.14258208901383,-34.091856245810256,34.091856245810256,66.23443833482409
40,2,143,0,7,2.0,-35.8201043390881,-38.80127598505279,38.80127598505279,74.62138032414089
41,2,159,0,7,2.0,-29.47272180115073,-32.75624411038307,32.75624411038307,62.228965911533805
42,2,161,0,7,2.0,-30.878766522431256,-33.269671539321706,33.269671539321706,64.14843806175296
43,2,171,0,7,2.0,-30.017112660329023,-32.469412676691086,32.469412676691086,62.48652533702011
44,2,178,0,7,2.0,-32.79025601611777,-34.712772633642246,34.712772633642246,67.50302864976001
45,3,7,0,7,2.0,-32.12711110012185,-34.51918685474307,34.51918685474307,66.64629795486492
46,3,10,0,7,2.0,-36.41292022449375,-39.26083711603388,39.26083711603388,75.67375734052763
47,3,12,0,7,2.0,-32.86048953121189,-35.582554589183104,35.582554589183104,68.443044120395
48,3,27,0,7,2.0,-31.632331480066767,-34.354250470708884,34.354250470708884,65.98658195077564
49,3,30,0,7,2.0,-31.048264369540696,-33.00537056084001,33.00537056084001,64.0536349303807
5,0,56,0,7,2.0,-33.38028389231471,-35.47913796863002,35.47913796863002,68.85942186094474
50,3,44,0,7,2.0,-33.24727777455918,-36.3750266975342,36.3750266975342,69.62230447209339
51,3,49,0,7,2.0,-33.31136692405391,-35.99229891539502,35.99229891539502,69.30366583944893
52,3,50,0,7,2.0,-37.96272349752719,-40.64854722357907,40.64854722357907,78.61127072110627
53,3,74,0,7,2.0,-35.0390856817563,-37.800624217421145,37.800624217421145,72.83970989917745
55,3,98,0,7,2.0,-34.14956276165701,-37.10817713030086,37.10817713030086,71.25773989195787
56,3,107,0,7,2.0,-35.33448339210176,-38.09197668316657,38.09197668316657,73.42646007526832
57,3,111,0,7,2.0,-27.762476806527594,-31.37404389371031,31.37404389371031,59.13652070023791
58,3,130,0,7,2.0,-36.11906853232504,-38.4384550514107,38.4384550514107,74.55752358373573
59,3,135,0,7,2.0,-33.07457907149988,-35.729464141501126,35.729464141501126,68.80404321300101
6,0,63,0,7,2.0,-31.68348934453148,-33.54970557803139,33.54970557803139,65.23319492256287
60,4,2,0,7,2.0,-33.003775922810256,-35.29697293403267,35.29697293403267,68.30074885684292
61,4,9,0,7,2.0,-34.0894865772768,-36.7910370314046,36.7910370314046,70.8805236086814
62,4,20,0,7,2.0,-32.4128626429215,-34.79585571523874,34.79585571523874,67.20871835816024
63,4,26,0,7,2.0,-37.00465131083908,-39.8741680454023,39.8741680454023,76.87881935624138
65,4,58,0,7,2.0,-34.97893085988562,-38.08068910162536,38.08068910162536,73.05961996151098
66,4,60,0,7,2.0,-33.332623140231114,-35.92372647159616,35.92372647159616,69.25634961182728
67,4,61,0,7,2.0,-33.99006599595706,-36.72772688926992,36.72772688926992,70.71779288522697
68,4,64,0,7,2.0,-31.341395223706638,-33.03182129551278,33.03182129551278,64.37321651921941
69,4,89,0,7,2.0,-32.79146276649977,-33.956268157395456,33.956268157395456,66.74773092389523
7,0,68,0,7,2.0,-34.65574472636966,-36.44873613996669,36.44873613996669,71.10448086633636
70,4,92,0,7,2.0,-36.61114136697937,-39.32750450078768,39.32750450078768,75.93864586776705
71,4,115,0,7,2.0,-32.8924475843938,-35.47297872424181,35.47297872424181,68.36542630863562
72,4,127,0,7,2.0,-33.28089857701538,-34.914197246551026,34.914197246551026,68.1950958235664
74,4,139,0,7,2.0,-33.55714708739189,-36.664692067196285,36.664692067196285,70.22183915458817
75,5,0,0,7,2.0,-33.87181682665695,-36.56045104068079,36.56045104068079,70.43226786733774
76,5,11,0,7,2.0,-35.82752126936313,-37.685514383540216,37.685514383540216,73.51303565290334
77,5,35,0,7,2.0,-33.393573358906245,-35.374606448014724,35.374606448014724,68.76817980692097
78,5,47,0,7,2.0,-34.86323435475029,-37.16526193311117,37.16526193311117,72.02849628786146
79,5,65,0,7,2.0,-35.59567018183545,-38.48034531090176,38.48034531090176,74.07601549273721
8,0,69,0,7,2.0,-33.747572989575275,-36.5686731205608,36.5686731205608,70.31624611013608
80,5,100,0,7,2.0,-34.9690832254245,-36.51633823455448,36.51633823455448,71.48542145997898
81,5,132,0,7,2.0,-39.83816807284853,-42.78447314397679,42.78447314397679,82.62264121682531
82,5,138,0,7,2.0,-33.87117385729177,-34.11754665382131,34.11754665382131,67.98872051111309
83,5,145,0,7,2.0,-34.651343592251585,-37.67324216981773,37.67324216981773,72.32458576206932
84,5,173,0,7,2.0,-37.345317526320414,-40.48822083210968,40.48822083210968,77.8335383584301
85,5,175,0,7,2.0,-34.918700427322555,-37.54726569480539,37.54726569480539,72.46596612212795
86,5,182,0,7,2.0,-34.5548304314089,-36.28234676636234,36.28234676636234,70.83717719777124
87,5,191,0,7,2.0,-34.21859960241385,-37.30420097656948,37.30420097656948,71.52280057898334
88,5,219,0,7,2.0,-35.053694974064214,-37.02163951222542,37.02163951222542,72.07533448628963
89,5,236,0,7,2.0,-30.736602272719736,-32.90440598491464,32.90440598491464,63.641008257634375
90,6,13,0,7,2.0,-31.60334608155235,-34.239083111808625,34.239083111808625,65.84242919336097
91,6,18,0,7,2.0,-36.951364650216,-39.29715729570517,39.29715729570517,76.24852194592117
92,6,32,0,7,2.0,-33.85323532819759,-36.172607137570274,36.172607137570274,70.02584246576787
93,6,36,0,7,2.0,-33.644376192695404,-35.29532467789791,35.29532467789791,68.93970087059331
94,6,39,0,7,2.0,-35.25775934148106,-38.266884762659735,38.266884762659735,73.5246441041408
95,6,62,0,7,2.0,-33.91942699979103,-36.82954110014104,36.82954110014104,70.74896809993207
96,6,66,0,7,2.0,-32.67544463540734,-35.534357607741754,35.534357607741754,68.20980224314908
98,6,83,0,7,2.0,-31.113937520510973,-34.86897601608185,34.86897601608185,65.98291353659283
99,6,90,0,7,2.0,-32.246785798332674,-34.808855388221346,34.808855388221346,67.05564118655403
0,0,1,0,8,2.0,-47.44705758415501,-50.31832439532453,50.31832439532453,97.76538197947954
1,0,21,0,8,2.0,-44.10949924127853,-46.8042367639436,46.8042367639436,90.91373600522212
10,0,81,0,8,2.0,-48.425768988174994,-51.48462094104139,51.48462094104139,99.9103899292164
100,6,93,0,8,2.0,-46.35673534735188,-50.04847040939515,50.04847040939515,96.40520575674702
101,6,106,0,8,2.0,-47.41373959517182,-51.64409614858437,51.64409614858437,99.05783574375619
102,6,126,0,8,2.0,-45.435698268370274,-45.70742233988853,45.70742233988853,91.14312060825881
103,6,129,0,8,2.0,-44.4671600739764,-47.61035397792905,47.61035397792905,92.07751405190545
107,7,38,0,8,2.0,-47.41161410452264,-49.89280987749242,49.89280987749242,97.30442398201507
108,7,42,0,8,2.0,-51.239520447255394,-55.16752194721307,55.16752194721307,106.40704239446846
109,7,52,0,8,2.0,-45.74753235133941,-53.100503876028895,53.100503876028895,98.84803622736831
11,0,88,0,8,2.0,-48.88056138345051,-51.50079271951603,51.50079271951603,100.38135410296654
110,7,71,0,8,2.0,-49.83560240148936,-53.12966042906236,53.12966042906236,102.96526283055172
111,7,79,0,8,2.0,-51.261083551806784,-54.879311430413225,54.879311430413225,106.14039498222002
112,7,84,0,8,2.0,-53.36189083445362,-57.13931264720643,57.13931264720643,110.50120348166004
113,7,91,0,8,2.0,-45.86620075173918,-48.8167073559244,48.8167073559244,94.68290810766358
114,7,96,0,8,2.0,-49.0562403511746,-53.34052758925481,53.34052758925481,102.39676794042941
115,7,101,0,8,2.0,-46.13904246661157,-48.58645911616544,48.58645911616544,94.72550158277701
116,7,103,0,8,2.0,-47.4418955283054,-53.36924695639253,53.36924695639253,100.81114248469794
117,7,123,0,8,2.0,-49.04898094444948,-51.74805492934178,51.74805492934178,100.79703587379126
118,7,140,0,8,2.0,-49.44844506248221,-52.73440362584383,52.73440362584383,102.18284868832603
119,7,141,0,8,2.0,-48.32502287143585,-52.37139860009184,52.37139860009184,100.69642147152769
12,0,95,0,8,2.0,-48.72436049499599,-51.845177858770285,51.845177858770285,100.56953835376628
120,8,17,0,8,2.0,-48.98389979652255,-53.27394041935122,53.27394041935122,102.25784021587377
121,8,31,0,8,2.0,-43.005091282980935,-46.810341674692026,46.810341674692026,89.81543295767295
122,8,41,0,8,2.0,-46.78991119671616,-51.27093557189753,51.27093557189753,98.06084676861369
124,8,55,0,8,2.0,-44.64783057829077,-47.64018295579608,47.64018295579608,92.28801353408684
125,8,85,0,8,2.0,-45.49654943710557,-47.67377350983439,47.67377350983439,93.17032294693996
127,8,97,0,8,2.0,-45.745474817417495,-50.19955301044664,50.19955301044664,95.94502782786414
128,8,125,0,8,2.0,-47.405721545337215,-51.533798840970654,51.533798840970654,98.93952038630786
129,8,137,0,8,2.0,-46.94623551055311,-49.70079237760006,49.70079237760006,96.64702788815316
13,0,108,0,8,2.0,-44.35944232005923,-46.63347621221786,46.63347621221786,90.99291853227709
130,8,144,0,8,2.0,-49.04872384470841,-51.62797515771972,51.62797515771972,100.67669900242814
131,8,146,0,8,2.0,-48.53017572802446,-52.03299065328048,52.03299065328048,100.56316638130494
132,8,160,0,8,2.0,-47.91892105963869,-51.09237700411929,51.09237700411929,99.01129806375798
134,8,197,0,8,2.0,-48.34475954183672,-51.8061503050517,51.8061503050517,100.15090984688842
135,9,4,0,8,2.0,-51.11229682321361,-54.64084761872196,54.64084761872196,105.75314444193558
136,9,19,0,8,2.0,-49.59870719947946,-52.87904907761897,52.87904907761897,102.47775627709844
137,9,22,0,8,2.0,-47.671267964387816,-50.3915445706464,50.3915445706464,98.06281253503423
138,9,33,0,8,2.0,-50.54847141772351,-54.3701652130712,54.3701652130712,104.91863663079471
139,9,43,0,8,2.0,-48.75629883955631,-53.11917439592208,53.11917439592208,101.87547323547838
14,0,114,0,8,2.0,-43.78682827702184,-46.01408857465525,46.01408857465525,89.80091685167709
140,9,45,0,8,2.0,-51.62070760230908,-54.940443221545706,54.940443221545706,106.56115082385479
141,9,48,0,8,2.0,-48.99992899941497,-52.43772451343718,52.43772451343718,101.43765351285215
142,9,54,0,8,2.0,-44.92184510911893,-48.591498655996126,48.591498655996126,93.51334376511505
143,9,57,0,8,2.0,-48.07269038844693,-51.49777992129688,51.49777992129688,99.57047030974381
144,9,80,0,8,2.0,-47.5022336455391,-50.519399472670045,50.519399472670045,98.02163311820914
145,9,87,0,8,2.0,-47.41707609538355,-50.81376539870765,50.81376539870765,98.23084149409121
146,9,110,0,8,2.0,-49.72812641147087,-53.77179334872462,53.77179334872462,103.4999197601955
147,9,116,0,8,2.0,-49.806452933569226,-53.643846845768266,53.643846845768266,103.45029977933748
148,9,133,0,8,2.0,-49.37827721551994,-53.22485213937443,53.22485213937443,102.60312935489436
149,9,153,0,8,2.0,-48.47783132689585,-52.05573192059622,52.05573192059622,100.53356324749208
15,1,3,0,8,2.0,-51.94356168961148,-55.650013941939065,55.650013941939065,107.59357563155055
150,-1,-1,1,8,2.0,-56.0,-61.60515319948551,61.60515319948551,117.6051531994855
16,1,6,0,8,2.0,-52.805627255113706,-57.15426710227639,57.15426710227639,109.9598943573901
17,1,8,0,8,2.0,-53.935250483914615,-57.142526205731606,57.142526205731606,111.07777668964621
18,1,14,0,8,2.0,-54.67438085828936,-58.53560331707672,58.53560331707672,113.20998417536609
19,1,23,0,8,2.0,-51.40451384398584,-55.02761718006891,55.02761718006891,106.43213102405474
2,0,34,0,8,2.0,-43.8499629798343,-47.10914757673808,47.10914757673808,90.95911055657238
21,1,40,0,8,2.0,-54.11460870812934,-55.95635821976391,55.95635821976391,110.07096692789324
22,1,59,0,8,2.0,-53.45113292141594,-56.92119984087616,56.92119984087616,110.3723327622921
23,1,67,0,8,2.0,-51.736985216944326,-56.06474850388808,56.06474850388808,107.8017337208324
24,1,70,0,8,2.0,-51.0442373471039,-53.98658821681602,53.98658821681602,105.03082556391992
25,1,72,0,8,2.0,-52.199295112417545,-56.45219623721457,56.45219623721457,108.65149134963212
26,1,77,0,8,2.0,-51.54384775388263,-52.491864515235605,52.491864515235605,104.03571226911824
27,1,78,0,8,2.0,-49.36890599001635,-51.90147842506309,51.90147842506309,101.27038441507943
28,1,99,0,8,2.0,-51.51049755606815,-52.34409899611096,52.34409899611096,103.85459655217912
29,1,102,0,8,2.0,-55.22735655333801,-59.20458592332434,59.20458592332434,114.43194247666236
3,0,37,0,8,2.0,-43.35259574414232,-45.81637275120845,45.81637275120845,89.16896849535077
31,2,16,0,8,2.0,-43.52439399850078,-45.65954468527619,45.65954468527619,89.18393868377697
32,2,25,0,8,2.0,-41.04513456231728,-42.96063858765548,42.96063858765548,84.00577314997275
33,2,28,0,8,2.0,-45.36486399048108,-48.82735369743751,48.82735369743751,94.1922176879186
34,2,76,0,8,2.0,-46.62676612877328,-49.379898799074354,49.379898799074354,96.00666492784764
35,2,82,0,8,2.0,-43.55326493860324,-47.69453058119967,47.69453058119967,91.2477955198029
36,2,109,0,8,2.0,-47.18171709188298,-49.83571710830914,49.83571710830914,97.01743420019213
37,2,117,0,8,2.0,-40.88280271795852,-45.285374116981714,45.285374116981714,86.16817683494023
38,2,120,0,8,2.0,-46.54683699451505,-50.16340998770197,50.16340998770197,96.71024698221701
40,2,143,0,8,2.0,-47.372827486141375,-51.355616992580885,51.355616992580885,98.72844447872225
41,2,159,0,8,2.0,-45.41634512427744,-49.78275319879083,49.78275319879083,95.19909832306827
42,2,161,0,8,2.0,-41.495270254137765,-43.60263564880152,43.60263564880152,85.09790590293929
43,2,171,0,8,2.0,-44.79663143353879,-49.10454796215651,49.10454796215651,93.9011793956953
44,2,178,0,8,2.0,-44.08182828807279,-45.24523173135559,45.24523173135559,89.32706001942839
45,3,7,0,8,2.0,-43.21906096502318,-46.74152277633916,46.74152277633916,89.96058374136234
46,3,10,0,8,2.0,-47.41782168505057,-50.701403189485774,50.701403189485774,98.11922487453634
49,3,30,0,8,2.0,-47.838128525055495,-51.75303607212702,51.75303607212702,99.59116459718251
5,0,56,0,8,2.0,-42.88539480649781,-45.264163452187,45.264163452187,88.1495582586848
50,3,44,0,8,2.0,-48.429616809267976,-52.37132227999746,52.37132227999746,100.80093908926543
51,3,49,0,8,2.0,-44.81524254127158,-48.88070578390162,48.88070578390162,93.69594832517319
52,3,50,0,8,2.0,-50.66074504818307,-53.57630363686579,53.57630363686579,104.23704868504885
55,3,98,0,8,2.0,-48.379519833407606,-52.257496348062894,52.257496348062894,100.6370161814705
56,3,107,0,8,2.0,-49.10058276090339,-52.215567796011136,52.215567796011136,101.31615055691452
58,3,130,0,8,2.0,-46.60554249137997,-50.03566191141882,50.03566191141882,96.64120440279879
59,3,135,0,8,2.0,-45.57333189824297,-49.69079177596089,49.69079177596089,95.26412367420386
60,4,2,0,8,2.0,-50.384302620448175,-54.16485242476386,54.16485242476386,104.54915504521203
61,4,9,0,8,2.0,-47.401240552847895,-50.68277820088876,50.68277820088876,98.08401875373666
63,4,26,0,8,2.0,-49.08045893187847,-52.79372789631529,52.79372789631529,101.87418682819376
64,4,53,0,8,2.0,-46.90776888015787,-51.20447274969673,51.20447274969673,98.1122416298546
65,4,58,0,8,2.0,-47.50978447318303,-51.84500822954195,51.84500822954195,99.35479270272498
66,4,60,0,8,2.0,-43.61222076769813,-47.42529726036481,47.42529726036481,91.03751802806295
67,4,61,0,8,2.0,-46.933569709396586,-51.17175655173488,51.17175655173488,98.10532626113147
68,4,64,0,8,2.0,-44.18145045197736,-45.765304488814,45.765304488814,89.94675494079137
69,4,89,0,8,2.0,-45.81491306659129,-47.75216009103973,47.75216009103973,93.56707315763101
7,0,68,0,8,2.0,-46.90567367951728,-49.29391939166765,49.29391939166765,96.19959307118492
70,4,92,0,8,2.0,-51.31933637868056,-55.1065673435995,55.1065673435995,106.42590372228005
71,4,115,0,8,2.0,-48.59952167643316,-52.16552332074591,52.16552332074591,100.76504499717907
72,4,127,0,8,2.0,-44.09785977883843,-47.30793918442606,47.30793918442606,91.40579896326449
73,4,131,0,8,2.0,-43.35265180616058,-47.70609093065253,47.70609093065253,91.05874273681312
74,4,139,0,8,2.0,-46.25917945881838,-50.77090670098428,50.77090670098428,97.03008615980266
75,5,0,0,8,2.0,-45.286966790397024,-45.777081720188015,45.777081720188015,91.06404851058504
76,5,11,0,8,2.0,-51.13857949404223,-53.94381232833968,53.94381232833968,105.08239182238191
77,5,35,0,8,2.0,-49.35070826162133,-52.73400730742502,52.73400730742502,102.08471556904635
78,5,47,0,8,2.0,-48.19936525543729,-48.564657060404215,48.564657060404215,96.76402231584152
79,5,65,0,8,2.0,-47.64065578790116,-51.50205465463004,51.50205465463004,99.1427104425312
80,5,100,0,8,2.0,-50.2159185947158,-54.2669793482136,54.2669793482136,104.48289794292941
81,5,132,0,8,2.0,-52.34112822588903,-56.47363895964052,56.47363895964052,108.81476718552955
82,5,138,0,8,2.0,-47.93637698177877,-51.39007613544064,51.39007613544064,99.32645311721942
83,5,145,0,8,2.0,-47.68314824273315,-51.47536547934585,51.47536547934585,99.158513722079
84,5,173,0,8,2.0,-53.80387356082508,-57.57607977051768,57.57607977051768,111.37995333134276
85,5,175,0,8,2.0,-46.66109017130276,-51.26250968893531,51.26250968893531,97.92359986023807
86,5,182,0,8,2.0,-47.144646270492096,-50.80671981819188,50.80671981819188,97.95136608868398
87,5,191,0,8,2.0,-47.721172442828205,-51.462530355083445,51.462530355083445,99.18370279791165
88,5,219,0,8,2.0,-45.84484958866859,-48.5827019978184,48.5827019978184,94.42755158648698
89,5,236,0,8,2.0,-50.3573259875867,-54.30393543631335,54.30393543631335,104.66126142390004
9,0,75,0,8,2.0,-46.49494904619181,-49.09803416661149,49.09803416661149,95.5929832128033
90,6,13,0,8,2.0,-46.14424250174597,-50.48781220668454,50.48781220668454,96.6320547084305
92,6,32,0,8,2.0,-45.7729040091385,-50.22464852725379,50.22464852725379,95.99755253639229
94,6,39,0,8,2.0,-47.62515652075917,-50.74642207301683,50.74642207301683,98.37157859377601
95,6,62,0,8,2.0,-47.74344991717729,-50.90696297539241,50.90696297539241,98.6504128925697
96,6,66,0,8,2.0,-45.74001729381583,-49.10350812918631,49.10350812918631,94.84352542300215
97,6,73,0,8,2.0,-45.3131932323581,-49.2157375578949,49.2157375578949,94.528930790253
98,6,83,0,8,2.0,-44.731744159524574,-47.995264447656325,47.995264447656325,92.72700860718089
1,0,21,0,9,2.0,-58.55184120653677,-62.885192410549486,62.885192410549486,121.43703361708626
10,0,81,0,9,2.0,-59.65386958830289,-63.8546951676619,63.8546951676619,123.50856475596478
101,6,106,0,9,2.0,-62.118909291057705,-66.291529579508,66.291529579508,128.4104388705657
102,6,126,0,9,2.0,-60.99723274345075,-63.239207707152985,63.239207707152985,124.23644045060374
104,6,147,0,9,2.0,-61.76235603542287,-64.22722680892734,64.22722680892734,125.98958284435021
105,7,15,0,9,2.0,-63.19450709559048,-64.51611980728757,64.51611980728757,127.71062690287805
106,7,29,0,9,2.0,-68.95866143342428,-70.16888619638512,70.16888619638512,139.12754762980938
107,7,38,0,9,2.0,-61.84390581509474,-64.05888372628351,64.05888372628351,125.90278954137825
108,7,42,0,9,2.0,-69.18754232421331,-73.65583543311992,73.65583543311992,142.84337775733323
110,7,71,0,9,2.0,-62.40355187958623,-67.80751987263785,67.80751987263785,130.2110717522241
111,7,79,0,9,2.0,-64.22474759169393,-68.41797521752719,68.41797521752719,132.6427228092211
112,7,84,0,9,2.0,-68.17076276388946,-69.2150129756394,69.2150129756394,137.38577573952887
113,7,91,0,9,2.0,-59.90158612718342,-64.76884775866223,64.76884775866223,124.67043388584565
114,7,96,0,9,2.0,-64.79829006927635,-69.8987000058972,69.8987000058972,134.69699007517355
115,7,101,0,9,2.0,-61.93254912435192,-65.84105158664894,65.84105158664894,127.77360071100087
116,7,103,0,9,2.0,-66.36964087191997,-70.87187410051291,70.87187410051291,137.24151497243287
118,7,140,0,9,2.0,-66.86376937098767,-67.9084673129417,67.9084673129417,134.77223668392935
119,7,141,0,9,2.0,-62.82130307393056,-66.95173635079496,66.95173635079496,129.7730394247255
12,0,95,0,9,2.0,-58.832894274194686,-62.48147379170218,62.48147379170218,121.31436806589687
120,8,17,0,9,2.0,-62.30423787181447,-67.17536190529654,67.17536190529654,129.47959977711102
121,8,31,0,9,2.0,-61.13608672013101,-66.55196173898354,66.55196173898354,127.68804845911455
122,8,41,0,9,2.0,-60.00770009638762,-64.46075466693549,64.46075466693549,124.46845476332311
123,8,46,0,9,2.0,-63.68659802673905,-67.27728349372232,67.27728349372232,130.96388152046137
124,8,55,0,9,2.0,-59.88618306822822,-64.68659105282369,64.68659105282369,124.5727741210519
126,8,94,0,9,2.0,-61.2346564177498,-65.97591294609018,65.97591294609018,127.21056936383997
127,8,97,0,9,2.0,-59.99241156930282,-62.49733302877238,62.49733302877238,122.48974459807519
128,8,125,0,9,2.0,-60.531486451347455,-65.02506678025176,65.02506678025176,125.55655323159922
129,8,137,0,9,2.0,-62.94347021099789,-68.47121500940199,68.47121500940199,131.41468522039986
130,8,144,0,9,2.0,-60.69435791850077,-63.09872140636983,63.09872140636983,123.7930793248706
131,8,146,0,9,2.0,-58.31714424950231,-62.97909850278885,62.97909850278885,121.29624275229116
133,8,188,0,9,2.0,-61.27046626377209,-65.73361794996367,65.73361794996367,127.00408421373577
134,8,197,0,9,2.0,-61.08135157547306,-65.85925609749783,65.85925609749783,126.94060767297088
135,9,4,0,9,2.0,-61.6227044042459,-66.63809641018454,66.63809641018454,128.26080081443044
136,9,19,0,9,2.0,-65.1381239570642,-70.24664582303265,70.24664582303265,135.38476978009686
137,9,22,0,9,2.0,-65.56782990738158,-70.31700166559376,70.31700166559376,135.88483157297534
138,9,33,0,9,2.0,-63.35525631206958,-67.53088123944724,67.53088123944724,130.8861375515168
139,9,43,0,9,2.0,-64.44617965178453,-66.53754645770668,66.53754645770668,130.98372610949122
14,0,114,0,9,2.0,-56.79014001093301,-60.5769570375515,60.5769570375515,117.36709704848451
140,9,45,0,9,2.0,-60.56137794763352,-63.37488408952637,63.37488408952637,123.93626203715988
141,9,48,0,9,2.0,-66.60429649545952,-72.18110068324562,72.18110068324562,138.78539717870513
142,9,54,0,9,2.0,-64.48508968473287,-66.58135328080121,66.58135328080121,131.06644296553407
143,9,57,0,9,2.0,-62.78450778324183,-67.3117656233225,67.3117656233225,130.09627340656434
144,9,80,0,9,2.0,-62.037567683789305,-66.43160529510796,66.43160529510796,128.46917297889726
145,9,87,0,9,2.0,-61.22233575157768,-65.48952560673119,65.48952560673119,126.71186135830888
146,9,110,0,9,2.0,-59.57976751636776,-64.14254595750356,64.14254595750356,123.72231347387131
147,9,116,0,9,2.0,-59.772569537277455,-63.01853264333744,63.01853264333744,122.7911021806149
149,9,153,0,9,2.0,-68.10947939682016,-73.36082839305556,73.36082839305556,141.47030778987573
150,-1,-1,1,9,2.0,-72.0,-79.03921035584325,79.03921035584325,151.03921035584324
16,1,6,0,9,2.0,-69.44704353869258,-74.71704935910445,74.71704935910445,144.16409289779705
17,1,8,0,9,2.0,-72.26324177119604,-78.58982506252528,78.58982506252528,150.8530668337213
18,1,14,0,9,2.0,-75.72531993740857,-81.61791803270678,81.61791803270678,157.34323797011535
19,1,23,0,9,2.0,-66.80696800289829,-71.76906046065814,71.76906046065814,138.57602846355644
2,0,34,0,9,2.0,-61.46918207929672,-66.19017161754137,66.19017161754137,127.65935369683808
20,1,24,0,9,2.0,-66.09646583085353,-70.89200600068257,70.89200600068257,136.98847183153612
21,1,40,0,9,2.0,-72.15866678040365,-74.97425625350796,74.97425625350796,147.1329230339116
22,1,59,0,9,2.0,-68.82222455256009,-71.09158316210876,71.09158316210876,139.91380771466885
24,1,70,0,9,2.0,-65.41570701945294,-70.22083749760765,70.22083749760765,135.6365445170606
25,1,72,0,9,2.0,-74.35725425187366,-79.7973449357509,79.7973449357509,154.15459918762457
26,1,77,0,9,2.0,-67.98145242156887,-69.22159075192677,69.22159075192677,137.20304317349564
27,1,78,0,9,2.0,-67.75139016164715,-72.87205785044209,72.87205785044209,140.62344801208923
28,1,99,0,9,2.0,-69.35134847081707,-69.81569322519493,69.81569322519493,139.167041696012
29,1,102,0,9,2.0,-76.85417296980923,-82.21916976889607,82.21916976889607,159.0733427387053
3,0,37,0,9,2.0,-57.82017980846812,-61.68120218368023,61.68120218368023,119.50138199214834
31,2,16,0,9,2.0,-56.48866383560476,-62.26390096946882,62.26390096946882,118.75256480507358
32,2,25,0,9,2.0,-57.50311307419942,-61.40766948368181,61.40766948368181,118.91078255788122
33,2,28,0,9,2.0,-57.1683383505776,-61.42036944286354,61.42036944286354,118.58870779344113
34,2,76,0,9,2.0,-59.3151562943432,-63.94433317446022,63.94433317446022,123.25948946880342
35,2,82,0,9,2.0,-57.52975522366693,-62.7159837067943,62.7159837067943,120.24573893046123
36,2,109,0,9,2.0,-65.24278476228332,-70.082983667947,70.082983667947,135.3257684302303
37,2,117,0,9,2.0,-59.29847626237294,-63.52021867092223,63.52021867092223,122.81869493329518
39,2,122,0,9,2.0,-67.09538873205716,-71.95365951495583,71.95365951495583,139.049048247013
4,0,51,0,9,2.0,-59.12241787160766,-63.63777054174356,63.63777054174356,122.76018841335122
40,2,143,0,9,2.0,-59.8250574092449,-64.70043640227264,64.70043640227264,124.52549381151755
41,2,159,0,9,2.0,-61.520278391067926,-66.2755592381496,66.2755592381496,127.79583762921752
43,2,171,0,9,2.0,-61.89991481285632,-66.26200122948659,66.26200122948659,128.1619160423429
45,3,7,0,9,2.0,-59.19205244890205,-63.74082448854524,63.74082448854524,122.93287693744729
46,3,10,0,9,2.0,-62.4723705756279,-65.64761978274367,65.64761978274367,128.11999035837158
48,3,27,0,9,2.0,-54.62691950429607,-59.75807890665969,59.75807890665969,114.38499841095576
5,0,56,0,9,2.0,-57.84222855918722,-61.43424315894512,61.43424315894512,119.27647171813234
50,3,44,0,9,2.0,-65.86709388400935,-70.75379552591308,70.75379552591308,136.62088940992243
52,3,50,0,9,2.0,-62.17638097492604,-65.43091049179976,65.43091049179976,127.6072914667258
53,3,74,0,9,2.0,-63.42760886324128,-67.58963397318684,67.58963397318684,131.01724283642812
54,3,86,0,9,2.0,-63.19661338823588,-67.53715697943673,67.53715697943673,130.7337703676726
56,3,107,0,9,2.0,-56.23153126041846,-59.62276276281639,59.62276276281639,115.85429402323484
59,3,135,0,9,2.0,-60.1702107662222,-63.7290447018316,63.7290447018316,123.8992554680538
60,4,2,0,9,2.0,-63.80688296053,-66.22576498996366,66.22576498996366,130.03264795049367
61,4,9,0,9,2.0,-62.26170216837287,-63.58543067725274,63.58543067725274,125.84713284562561
64,4,53,0,9,2.0,-62.58554737611939,-68.28847462363814,68.28847462363814,130.87402199975753
65,4,58,0,9,2.0,-61.3450626972468,-67.22732065430017,67.22732065430017,128.572383351547
66,4,60,0,9,2.0,-61.93703795432258,-65.71786061196106,65.71786061196106,127.65489856628363
67,4,61,0,9,2.0,-63.00758836866475,-65.24368795118916,65.24368795118916,128.2512763198539
69,4,89,0,9,2.0,-63.40331756796811,-68.15343051751782,68.15343051751782,131.55674808548594
7,0,68,0,9,2.0,-61.377395029406166,-61.994635646651,61.994635646651,123.37203067605716
71,4,115,0,9,2.0,-62.21599433290284,-67.13543643473477,67.13543643473477,129.35143076763762
72,4,127,0,9,2.0,-64.9180286326721,-69.89486244053501,69.89486244053501,134.8128910732071
73,4,131,0,9,2.0,-60.82951794693477,-64.97207661110086,64.97207661110086,125.80159455803563
74,4,139,0,9,2.0,-61.64394190331289,-64.62622957839308,64.62622957839308,126.27017148170597
76,5,11,0,9,2.0,-66.86514399931237,-69.38791804623406,69.38791804623406,136.25306204554641
77,5,35,0,9,2.0,-67.64674239559281,-68.6445720629641,68.6445720629641,136.2913144585569
78,5,47,0,9,2.0,-64.9652966385389,-68.14206309736578,68.14206309736578,133.10735973590468
79,5,65,0,9,2.0,-70.24509431239737,-75.25857703743665,75.25857703743665,145.503671349834
8,0,69,0,9,2.0,-57.68769995627662,-62.2683956038136,62.2683956038136,119.95609556009022
80,5,100,0,9,2.0,-65.610435569873,-68.89508887919547,68.89508887919547,134.50552444906847
81,5,132,0,9,2.0,-65.79306505573638,-66.91840181092556,66.91840181092556,132.71146686666194
82,5,138,0,9,2.0,-60.16484435173589,-63.43883598603525,63.43883598603525,123.60368033777114
83,5,145,0,9,2.0,-63.37832101748416,-65.90038800374559,65.90038800374559,129.27870902122976
84,5,173,0,9,2.0,-65.6908932324654,-68.3476484992898,68.3476484992898,134.0385417317552
85,5,175,0,9,2.0,-65.46845030062744,-69.91344154764764,69.91344154764764,135.38189184827507
86,5,182,0,9,2.0,-61.83163185247621,-63.134038871598776,63.134038871598776,124.96567072407498
87,5,191,0,9,2.0,-63.94298100772083,-66.3695993302773,66.3695993302773,130.31258033799813
89,5,236,0,9,2.0,-60.45479134576713,-65.06011594479834,65.06011594479834,125.51490729056547
9,0,75,0,9,2.0,-61.00696981206252,-61.93219061274907,61.93219061274907,122.93916042481159
90,6,13,0,9,2.0,-60.0108669549384,-64.25526009276106,64.25526009276106,124.26612704769946
91,6,18,0,9,2.0,-64.80768916704699,-69.37295734004512,69.37295734004512,134.1806465070921
93,6,36,0,9,2.0,-61.87440097650563,-66.87287142475562,66.87287142475562,128.74727240126126
94,6,39,0,9,2.0,-62.37722849782492,-66.15704285129672,66.15704285129672,128.53427134912164
95,6,62,0,9,2.0,-59.54218604589121,-64.47284537307223,64.47284537307223,124.01503141896345
96,6,66,0,9,2.0,-63.95653853352098,-68.06356863284508,68.06356863284508,132.02010716636605
97,6,73,0,9,2.0,-59.88994240578193,-65.46523940255521,65.46523940255521,125.35518180833714
98,6,83,0,9,2.0,-58.69487596856989,-61.62638955692264,61.62638955692264,120.32126552549252
